Date,Channel,Campaign_Name,Impressions,Clicks,Spend,Leads,Revenue
2026-01-29,google ads,Retargeting_Global,16795,1938,1186.57,50.0,2048.65
2026-01-07,google ads,Lead_Gen_Q1,1860,1023,564.52,79.0,4871.62
2026-03-12,google ads,Promo_Spring,39158,60,647.59,71.0,2766.57
2026-03-04,linkedin,Retargeting_Global,45732,1440,846.94,11.0,1448.67
2026-02-27,google ads,Retargeting_Global,12284,1802,1254.27,52.0,3576.25
2026-02-05,google ads,Promo_Spring,7265,1646,149.63,74.0,1430.31
2026-01-27,google ads,Retargeting_Global,17850,1655,665.23,4.0,4530.79
2026-05-20,google ads,Promo_Spring,38194,2477,169.8,26.0,1936.14
2026-01-23,facebook,Brand_Awareness_2026,22962,1215,796.25,11.0,2794.36
2026-04-19,google ads,Retargeting_Global,48191,1864,1353.41,16.0,347.81
2026-09-01,google ads,Retargeting_Global,45131,576,1184.6,5.0,2187.99
2026-01-08,google ads,Brand_Awareness_2026,17023,2428,380.37,4.0,4178.58
2026-01-24,linkedin,Promo_Spring,42090,945,1465.19,56.0,4047.68
2026-02-25,facebook,Retargeting_Global,2685,1944,1017.66,27.0,1199.16
2026-03-01,google ads,Brand_Awareness_2026,1769,1342,65.12,77.0,1207.79
2026-05-10,google ads,Promo_Spring,3433,211,420.35,68.0,4104.8
2026-01-07,facebook,Retargeting_Global,6311,2370,428.03,58.0,4658.95
2026-05-24,google ads,Lead_Gen_Q1,38819,126,150.42,32.0,567.27
2026-02-20,google ads,Brand_Awareness_2026,40188,946,1441.75,61.0,2305.29
2026-05-20,linkedin,Promo_Spring,18568,584,743.47,49.0,1753.53
2026-04-18,facebook,Lead_Gen_Q1,20769,2301,1348.93,18.0,4366.37
2026-02-26,linkedin,Promo_Spring,29693,546,517.21,68.0,509.27
2026-04-25,google ads,Lead_Gen_Q1,7396,1635,231.59,65.0,1134.52
2026-05-31,linkedin,Lead_Gen_Q1,28480,2132,737.79,46.0,3787.09
2026-03-13,google ads,Brand_Awareness_2026,42434,395,215.24,38.0,351.34
2026-01-02,facebook,Brand_Awareness_2026,26658,484,754.72,67.0,2513.42
2026-02-10,facebook,Lead_Gen_Q1,19942,427,1384.43,0.0,2266.32
2026-04-19,google ads,Brand_Awareness_2026,19431,2404,805.11,12.0,1738.57
2026-03-29,facebook,Promo_Spring,3747,948,943.92,53.0,2033.4
2026-03-13,linkedin,Retargeting_Global,1189,964,277.13,6.0,2696.71
2026-09-02,linkedin,Promo_Spring,20118,885,113.42,78.0,890.7
2026-02-25,google ads,Lead_Gen_Q1,36773,772,210.67,13.0,2902.78
2026-03-28,facebook,Promo_Spring,2899,1212,917.87,18.0,4046.62
2026-01-27,linkedin,Lead_Gen_Q1,2267,1215,187.77,53.0,3824.79
2026-01-24,google ads,Promo_Spring,32551,673,595.19,19.0,854.11
2026-04-08,linkedin,Promo_Spring,12394,34,847.63,28.0,831.32
2026-01-25,google ads,Brand_Awareness_2026,4556,2000,613.55,23.0,1414.05
2026-04-02,linkedin,Lead_Gen_Q1,4890,1213,287.34,62.0,1869.27
2026-03-30,google ads,Lead_Gen_Q1,42606,719,447.0,73.0,2101.43
2026-03-09,google ads,Retargeting_Global,31740,1889,1396.06,0.0,3430.52
2026-12-01,linkedin,Promo_Spring,15502,1194,1030.17,7.0,377.73
2026-04-28,linkedin,Promo_Spring,22777,2234,769.27,61.0,269.9
2026-05-18,facebook,Retargeting_Global,11627,294,68.44,28.0,2020.36
2026-02-01,facebook,Lead_Gen_Q1,9792,72,1489.0,73.0,3516.1
2026-04-07,linkedin,Promo_Spring,44323,1012,1023.61,16.0,1047.83
2026-01-21,google ads,Retargeting_Global,44021,671,509.54,65.0,3243.37
2026-05-22,google ads,Retargeting_Global,9433,2213,1324.94,5.0,1373.16
2026-03-17,facebook,Retargeting_Global,44001,1502,424.73,57.0,4441.82
2026-04-03,google ads,Promo_Spring,12016,976,838.82,68.0,4488.88
2026-05-28,facebook,Lead_Gen_Q1,24897,858,972.3,27.0,1556.71
2026-02-19,facebook,Lead_Gen_Q1,3612,1117,370.54,61.0,1226.97
2026-01-18,linkedin,Retargeting_Global,24483,698,1468.68,40.0,2115.39
2026-01-12,google ads,Retargeting_Global,49555,157,1134.88,68.0,1278.6
2026-02-28,facebook,Lead_Gen_Q1,18159,351,0.0,40.0,3394.68
2026-03-16,linkedin,Retargeting_Global,45974,1096,311.86,0.0,4147.72
2026-01-21,facebook,Retargeting_Global,41994,1734,128.09,48.0,3398.15
2026-03-01,google ads,Lead_Gen_Q1,15541,1393,514.09,75.0,4139.32
2026-01-26,google ads,Promo_Spring,36920,336,1142.12,70.0,2045.26
2026-04-08,facebook,Retargeting_Global,27531,1802,440.53,2.0,865.95
2026-03-13,linkedin,Promo_Spring,2585,1769,832.36,9.0,3715.96
2026-04-27,google ads,Retargeting_Global,4943,999,0.0,34.0,1866.33
2026-04-04,google ads,Retargeting_Global,24939,2272,206.52,79.0,3389.23
2026-02-11,google ads,Retargeting_Global,20457,2492,1043.68,1.0,1426.16
2026-04-01,linkedin,Promo_Spring,12653,732,1449.44,73.0,4963.65
2026-02-23,linkedin,Promo_Spring,44573,2089,758.17,37.0,865.39
2026-03-10,linkedin,Retargeting_Global,14417,2342,268.48,21.0,4943.26
2026-01-19,linkedin,Lead_Gen_Q1,41757,438,546.46,0.0,4888.67
2026-02-13,linkedin,Retargeting_Global,10692,1510,649.45,42.0,3989.71
2026-05-17,facebook,Brand_Awareness_2026,46758,295,1149.37,54.0,3331.17
2026-04-03,facebook,Retargeting_Global,7873,2075,1127.96,38.0,2931.25
2026-02-11,linkedin,Brand_Awareness_2026,6675,778,937.31,28.0,4343.9
2026-04-08,facebook,Promo_Spring,38065,203,269.78,40.0,2391.64
2026-03-11,facebook,Retargeting_Global,27557,997,185.95,53.0,3135.01
2026-02-26,linkedin,Lead_Gen_Q1,33606,2171,1321.85,18.0,2194.68
2026-03-25,facebook,Lead_Gen_Q1,12534,1711,679.01,65.0,1718.39
2026-01-15,google ads,Retargeting_Global,30127,956,283.23,29.0,2864.74
2026-02-28,google ads,Retargeting_Global,41397,840,859.16,52.0,4267.82
2026-09-01,linkedin,Lead_Gen_Q1,26851,1930,1227.04,33.0,1087.49
2026-03-22,google ads,Brand_Awareness_2026,2016,64,1125.48,21.0,4678.72
2026-04-13,google ads,Lead_Gen_Q1,25253,809,1328.1,66.0,3476.53
2026-03-10,linkedin,Lead_Gen_Q1,25276,787,452.96,5.0,4134.04
2026-01-17,linkedin,Brand_Awareness_2026,24247,1491,331.23,78.0,2825.33
2026-02-24,google ads,Lead_Gen_Q1,25300,1911,1325.73,26.0,3919.63
2026-05-26,linkedin,Lead_Gen_Q1,9529,2219,1003.46,9.0,179.38
2026-03-22,linkedin,Brand_Awareness_2026,18262,2144,500.85,72.0,4110.06
2026-02-24,google ads,Brand_Awareness_2026,10268,64,1126.4,47.0,296.68
2026-05-08,google ads,Promo_Spring,22271,1833,1231.92,69.0,4460.58
2026-12-04,facebook,Retargeting_Global,13185,1211,941.72,58.0,4960.62
2026-04-28,facebook,Promo_Spring,22243,842,1047.43,58.0,1540.93
2026-02-06,google ads,Brand_Awareness_2026,40099,322,594.13,1.0,1130.56
2026-03-09,facebook,Lead_Gen_Q1,9571,1868,831.11,28.0,3850.28
2026-02-05,facebook,Brand_Awareness_2026,40976,2017,810.03,67.0,1339.83
2026-03-05,google ads,Lead_Gen_Q1,39044,2016,1279.67,64.0,4341.26
2026-05-24,facebook,Promo_Spring,49984,1800,1267.95,25.0,603.93
2026-05-18,facebook,Promo_Spring,41774,337,1257.39,9.0,717.18
2026-03-09,facebook,Promo_Spring,3568,1297,66.0,52.0,4897.84
2026-05-30,linkedin,Lead_Gen_Q1,3027,2153,1136.84,78.0,3401.81
2026-04-20,google ads,Retargeting_Global,3695,1121,1150.08,58.0,4249.75
2026-05-30,facebook,Retargeting_Global,49190,1321,1033.65,21.0,1689.21
2026-04-13,facebook,Retargeting_Global,6258,461,1146.58,50.0,3414.77
2026-04-03,facebook,Brand_Awareness_2026,23002,1533,1270.86,47.0,3011.78
2026-02-26,linkedin,Brand_Awareness_2026,40504,174,731.96,20.0,3055.44
2026-02-05,facebook,Lead_Gen_Q1,34159,191,777.97,21.0,3444.41
2026-05-11,facebook,Brand_Awareness_2026,14986,919,230.84,29.0,2919.26
2026-05-07,google ads,Lead_Gen_Q1,13666,832,608.8,24.0,2202.41
2026-01-24,linkedin,Promo_Spring,39660,953,982.88,27.0,1452.02
2026-01-13,facebook,Lead_Gen_Q1,4561,2011,1181.58,64.0,3866.05
2026-01-29,google ads,Brand_Awareness_2026,27854,2064,364.95,44.0,1208.73
2026-02-09,google ads,Promo_Spring,39952,339,249.84,67.0,3492.54
2026-02-10,google ads,Promo_Spring,23662,784,1011.41,6.0,1243.33
2026-04-19,google ads,Lead_Gen_Q1,9392,2208,52.73,48.0,3164.12
2026-01-17,google ads,Retargeting_Global,31535,156,308.64,8.0,3760.68
2026-04-09,facebook,Brand_Awareness_2026,14067,924,92.15,35.0,1171.7
2026-04-08,google ads,Brand_Awareness_2026,49033,1581,291.98,0.0,393.72
2026-04-30,linkedin,Retargeting_Global,24599,1318,312.91,9.0,741.77
2026-05-16,linkedin,Brand_Awareness_2026,36222,91,612.13,35.0,3069.39
2026-03-06,facebook,Retargeting_Global,12837,523,633.37,72.0,4262.29
2026-05-22,google ads,Retargeting_Global,15039,1930,1317.68,45.0,320.48
2026-01-03,google ads,Promo_Spring,31818,1949,789.66,31.0,3697.34
2026-01-30,linkedin,Promo_Spring,20115,755,1098.94,31.0,1772.46
2026-05-18,google ads,Lead_Gen_Q1,11965,1419,0.0,5.0,2444.79
2026-03-10,linkedin,Promo_Spring,25538,716,376.89,47.0,4651.41
2026-03-29,linkedin,Retargeting_Global,43530,480,1069.27,37.0,1726.66
2026-01-29,linkedin,Lead_Gen_Q1,6056,405,126.57,16.0,2380.15
2026-03-17,facebook,Brand_Awareness_2026,33482,1565,755.57,73.0,167.04
2026-04-22,linkedin,Retargeting_Global,48716,2318,919.09,26.0,499.83
2026-02-10,google ads,Lead_Gen_Q1,9110,814,923.11,53.0,1367.1
2026-04-27,facebook,Promo_Spring,14773,943,83.25,0.0,236.48
2026-01-01,facebook,Retargeting_Global,28266,1289,517.06,34.0,3193.74
2026-03-09,google ads,Lead_Gen_Q1,18412,1767,972.91,24.0,2189.35
2026-05-09,linkedin,Brand_Awareness_2026,34270,914,266.05,27.0,2785.91
2026-02-15,google ads,Retargeting_Global,7910,1086,1058.35,0.0,955.77
2026-05-10,facebook,Retargeting_Global,46453,1900,0.0,3.0,1550.07
2026-01-28,google ads,Lead_Gen_Q1,26446,1533,1473.86,72.0,3352.74
2026-05-10,google ads,Promo_Spring,22518,1313,1246.44,25.0,347.04
2026-02-20,facebook,Promo_Spring,23361,602,804.43,18.0,4462.88
2026-09-02,linkedin,Retargeting_Global,24419,2116,591.52,16.0,2926.72
2026-04-06,facebook,Brand_Awareness_2026,49702,137,227.45,42.0,2863.21
2026-02-11,facebook,Promo_Spring,42523,745,1116.48,40.0,2551.36
2026-05-19,google ads,Brand_Awareness_2026,46151,530,391.99,41.0,440.03
2026-05-16,linkedin,Lead_Gen_Q1,23403,246,0.0,49.0,540.4
2026-01-01,linkedin,Lead_Gen_Q1,19141,1314,140.69,39.0,3044.47
2026-03-24,google ads,Promo_Spring,15820,1791,1211.98,38.0,1770.7
2026-05-06,google ads,Retargeting_Global,41342,1311,1161.55,22.0,4594.61
2026-01-05,linkedin,Lead_Gen_Q1,7374,2061,1113.74,51.0,2092.29
2026-01-29,facebook,Brand_Awareness_2026,2678,451,484.19,46.0,802.08
2026-03-04,google ads,Retargeting_Global,34827,2086,301.55,62.0,3602.12
2026-03-20,google ads,Promo_Spring,17198,814,974.45,68.0,1537.43
2026-03-03,google ads,Lead_Gen_Q1,10914,84,769.44,42.0,2674.8
2026-01-15,facebook,Promo_Spring,28890,2185,308.47,47.0,3519.38
2026-03-03,google ads,Retargeting_Global,23299,2099,1044.57,33.0,4511.29
2026-01-21,facebook,Retargeting_Global,44689,50,1133.47,74.0,3414.17
2026-01-22,google ads,Brand_Awareness_2026,43557,2091,1122.98,60.0,3430.2
2026-05-05,google ads,Retargeting_Global,45020,1710,1427.95,49.0,4735.03
2026-01-18,facebook,Retargeting_Global,3693,1411,0.0,0.0,1549.54
2026-05-17,linkedin,Lead_Gen_Q1,30467,597,870.05,61.0,105.45
2026-02-02,google ads,Brand_Awareness_2026,30723,1632,1470.49,57.0,1432.58
2026-02-02,google ads,Brand_Awareness_2026,47699,351,289.68,32.0,1167.67
2026-05-21,google ads,Retargeting_Global,26939,655,899.42,15.0,3205.19
2026-02-12,linkedin,Lead_Gen_Q1,49925,740,900.39,47.0,3007.96
2026-03-09,google ads,Promo_Spring,43941,177,1061.62,9.0,179.59
2026-05-16,google ads,Retargeting_Global,22834,619,1397.94,37.0,3671.01
2026-04-19,linkedin,Brand_Awareness_2026,19047,2325,1184.74,18.0,1685.3
2026-02-24,linkedin,Retargeting_Global,27105,1782,131.4,35.0,3358.77
2026-05-19,linkedin,Retargeting_Global,11230,2050,1286.46,58.0,2827.23
2026-02-21,linkedin,Lead_Gen_Q1,16707,464,377.03,62.0,1779.38
2026-03-21,linkedin,Lead_Gen_Q1,22976,1718,596.53,76.0,759.42
2026-04-13,google ads,Lead_Gen_Q1,45262,711,719.51,0.0,562.65
2026-04-06,linkedin,Promo_Spring,24776,1609,747.31,2.0,4174.44
2026-04-23,linkedin,Lead_Gen_Q1,31080,139,681.01,73.0,4600.15
2026-05-13,google ads,Promo_Spring,2306,1855,1409.16,64.0,3283.96
2026-04-26,linkedin,Retargeting_Global,7776,1396,1073.73,7.0,606.83
2026-01-31,facebook,Promo_Spring,28251,702,965.2,0.0,2069.93
2026-03-05,google ads,Promo_Spring,10474,1404,122.27,72.0,3671.8
2026-02-27,google ads,Lead_Gen_Q1,41294,803,1360.67,5.0,3921.12
2026-01-17,facebook,Lead_Gen_Q1,22959,38,1368.62,38.0,679.27
2026-03-28,linkedin,Brand_Awareness_2026,6530,158,1181.31,59.0,100.15
2026-05-31,facebook,Retargeting_Global,4748,2068,133.06,53.0,1847.32
2026-05-22,facebook,Brand_Awareness_2026,32968,1146,376.57,36.0,1346.96
2026-02-28,facebook,Brand_Awareness_2026,33562,196,240.46,8.0,163.2
2026-05-31,google ads,Brand_Awareness_2026,14545,1260,628.31,55.0,2747.47
2026-02-26,google ads,Lead_Gen_Q1,1663,1343,1387.8,58.0,4270.64
2026-01-02,google ads,Lead_Gen_Q1,35766,107,734.49,1.0,4792.4
2026-01-19,google ads,Lead_Gen_Q1,8994,64,69.43,60.0,2872.15
2026-01-16,linkedin,Retargeting_Global,29021,767,459.98,57.0,2620.86
2026-02-28,linkedin,Promo_Spring,31303,415,114.66,59.0,516.78
2026-01-18,facebook,Brand_Awareness_2026,4304,2126,102.62,39.0,2789.48
2026-01-09,google ads,Lead_Gen_Q1,47576,1322,449.79,35.0,1961.9
2026-03-26,google ads,Promo_Spring,40353,1795,449.64,36.0,3074.96
2026-01-19,linkedin,Brand_Awareness_2026,18675,760,1191.33,78.0,2004.76
2026-05-12,linkedin,Promo_Spring,45417,1772,1463.51,17.0,1277.47
2026-03-02,google ads,Brand_Awareness_2026,24938,374,588.25,62.0,565.33
2026-03-13,google ads,Promo_Spring,24664,2036,671.89,21.0,1643.1
2026-05-05,linkedin,Lead_Gen_Q1,2636,491,1274.94,10.0,573.56
2026-05-19,google ads,Promo_Spring,28728,163,276.75,56.0,4937.95
2026-02-03,facebook,Brand_Awareness_2026,27736,1534,1286.98,76.0,2276.11
2026-05-27,facebook,Promo_Spring,29673,2130,0.0,3.0,2706.17
2026-05-28,facebook,Retargeting_Global,38505,2353,948.56,6.0,4380.73
2026-05-02,facebook,Brand_Awareness_2026,48323,1050,864.89,60.0,4978.29
2026-03-04,google ads,Promo_Spring,47645,1674,551.58,53.0,2955.3
2026-05-02,facebook,Retargeting_Global,1854,1250,507.02,67.0,4081.12
2026-04-15,facebook,Brand_Awareness_2026,25548,70,1169.19,78.0,1702.01
2026-02-18,linkedin,Lead_Gen_Q1,39623,948,175.32,0.0,1598.15
2026-01-25,facebook,Brand_Awareness_2026,8392,1649,393.34,54.0,2073.25
2026-01-25,google ads,Brand_Awareness_2026,47717,2099,1112.05,2.0,3395.29
2026-04-21,linkedin,Promo_Spring,22556,34,845.06,77.0,3442.74
2026-04-01,linkedin,Retargeting_Global,39559,1072,235.58,37.0,1644.67
2026-04-19,google ads,Brand_Awareness_2026,27309,140,1329.1,0.0,752.73
2026-04-16,google ads,Brand_Awareness_2026,22919,1262,620.5,37.0,3198.74
2026-04-30,google ads,Brand_Awareness_2026,5931,117,1250.41,28.0,728.8
2026-01-14,google ads,Promo_Spring,33970,181,1192.18,4.0,2934.61
2026-01-26,google ads,Brand_Awareness_2026,45215,1468,955.42,73.0,3497.77
2026-01-16,linkedin,Retargeting_Global,13688,111,767.0,20.0,3533.0
2026-04-14,google ads,Promo_Spring,26342,2332,0.0,70.0,3792.01
2026-03-28,linkedin,Lead_Gen_Q1,38157,1646,260.2,66.0,4377.01
2026-01-28,google ads,Lead_Gen_Q1,3327,1050,1101.48,46.0,2549.8
2026-03-05,facebook,Promo_Spring,41772,339,327.23,34.0,3678.22
2026-02-19,facebook,Retargeting_Global,41545,1530,540.48,67.0,3133.95
2026-02-18,linkedin,Promo_Spring,1197,21,497.61,68.0,1014.54
2026-05-18,facebook,Promo_Spring,24509,1351,1423.2,0.0,225.88
2026-04-25,facebook,Promo_Spring,35698,225,1452.67,67.0,1494.25
2026-02-05,linkedin,Promo_Spring,45542,348,315.37,11.0,2270.87
2026-04-19,facebook,Brand_Awareness_2026,16087,1809,81.95,59.0,3123.82
2026-02-16,facebook,Lead_Gen_Q1,23671,1760,1094.01,26.0,4264.8
2026-03-13,facebook,Retargeting_Global,26184,1518,656.09,55.0,1061.6
2026-04-29,google ads,Brand_Awareness_2026,28848,2431,178.82,22.0,715.19
2026-03-05,google ads,Lead_Gen_Q1,43107,719,1041.44,24.0,4821.05
2026-01-20,linkedin,Promo_Spring,21666,1233,840.4,20.0,629.42
2026-04-24,google ads,Lead_Gen_Q1,45357,1122,1471.75,60.0,2444.61
2026-05-21,facebook,Lead_Gen_Q1,16708,1301,379.74,62.0,2969.26
2026-01-26,facebook,Brand_Awareness_2026,27370,498,635.77,51.0,2752.73
2026-01-13,google ads,Brand_Awareness_2026,3811,1571,836.69,24.0,521.56
2026-05-19,facebook,Retargeting_Global,48011,56,1197.96,54.0,379.43
2026-01-04,linkedin,Promo_Spring,7546,787,845.82,45.0,616.87
2026-01-24,linkedin,Promo_Spring,35754,1049,938.71,31.0,2969.38
2026-03-02,linkedin,Promo_Spring,31206,720,377.91,54.0,2767.29
2026-02-12,facebook,Lead_Gen_Q1,42106,410,1278.03,0.0,1245.33
2026-04-15,linkedin,Lead_Gen_Q1,12411,1827,671.51,35.0,3225.09
2026-05-05,linkedin,Promo_Spring,3911,259,254.39,48.0,4118.33
2026-05-04,facebook,Retargeting_Global,2734,400,1013.07,57.0,303.74
2026-02-24,google ads,Lead_Gen_Q1,19227,344,363.33,38.0,2540.84
2026-04-13,google ads,Retargeting_Global,9680,638,191.47,79.0,3477.62
2026-01-16,facebook,Lead_Gen_Q1,20360,146,1299.88,60.0,1336.33
2026-02-12,linkedin,Brand_Awareness_2026,19343,1531,717.24,8.0,1608.08
2026-04-08,google ads,Brand_Awareness_2026,6759,836,1136.46,5.0,3106.83
2026-01-01,google ads,Promo_Spring,24078,736,471.35,34.0,4499.88
2026-04-10,google ads,Brand_Awareness_2026,36153,1510,1191.11,38.0,4068.63
2026-03-09,facebook,Lead_Gen_Q1,12111,999,212.31,21.0,2957.34
2026-04-27,google ads,Lead_Gen_Q1,38504,2429,566.16,40.0,3678.09
2026-03-15,google ads,Brand_Awareness_2026,2802,944,1468.19,4.0,1887.63
2026-04-19,google ads,Brand_Awareness_2026,9155,411,1201.29,41.0,3240.73
2026-05-23,google ads,Brand_Awareness_2026,9120,1476,771.02,75.0,2384.29
2026-05-05,facebook,Promo_Spring,40384,624,542.68,79.0,1030.69
2026-02-09,facebook,Brand_Awareness_2026,48025,1306,1314.6,66.0,3538.52
2026-02-18,facebook,Lead_Gen_Q1,48254,1192,840.03,29.0,2826.68
2026-03-17,google ads,Brand_Awareness_2026,22918,2245,1149.72,56.0,1857.25
2026-02-25,google ads,Promo_Spring,21445,1131,1143.46,72.0,4565.56
2026-01-15,facebook,Promo_Spring,31306,140,76.02,28.0,202.58
2026-05-29,linkedin,Lead_Gen_Q1,17646,1204,233.07,36.0,1647.29
2026-05-19,facebook,Lead_Gen_Q1,47843,192,1006.46,12.0,378.72
2026-01-16,google ads,Brand_Awareness_2026,32065,373,284.35,0.0,3855.98
2026-03-22,google ads,Lead_Gen_Q1,26199,48,420.47,45.0,3540.33
2026-01-15,facebook,Retargeting_Global,42976,1382,1422.63,22.0,1723.63
2026-01-13,linkedin,Lead_Gen_Q1,17371,930,862.26,44.0,3410.75
2026-05-30,linkedin,Retargeting_Global,12835,25,1138.56,16.0,2040.09
2026-05-03,google ads,Retargeting_Global,46936,502,859.07,65.0,3805.64
2026-05-09,linkedin,Lead_Gen_Q1,3049,1459,851.14,5.0,2325.5
2026-05-16,linkedin,Retargeting_Global,32616,1141,186.52,17.0,2120.17
2026-02-10,google ads,Lead_Gen_Q1,39191,320,548.31,21.0,4680.18
2026-01-15,linkedin,Lead_Gen_Q1,48357,748,0.0,32.0,1329.31
2026-05-11,google ads,Promo_Spring,21932,555,616.56,29.0,690.19
2026-01-21,facebook,Retargeting_Global,30855,2471,0.0,31.0,2964.26
2026-02-17,google ads,Retargeting_Global,8158,260,589.3,41.0,4849.68
2026-01-18,facebook,Brand_Awareness_2026,44016,768,0.0,77.0,1951.41
2026-01-18,google ads,Lead_Gen_Q1,8400,1814,626.2,9.0,403.98
2026-03-02,linkedin,Promo_Spring,43642,1307,185.44,35.0,1762.6
2026-04-14,google ads,Promo_Spring,16151,1641,689.55,33.0,2579.07
2026-01-31,facebook,Brand_Awareness_2026,2154,1924,333.63,72.0,893.42
2026-05-26,google ads,Retargeting_Global,5499,823,320.75,27.0,3324.7
2026-03-05,facebook,Promo_Spring,7295,38,186.35,10.0,4988.97
2026-05-29,google ads,Retargeting_Global,13183,967,567.17,77.0,2313.52
2026-01-11,google ads,Promo_Spring,30299,2042,1148.35,38.0,1838.17
2026-01-21,facebook,Promo_Spring,13874,486,450.84,46.0,2063.45
2026-04-18,linkedin,Lead_Gen_Q1,33711,327,502.91,18.0,664.22
2026-05-30,facebook,Retargeting_Global,6539,254,981.88,14.0,4428.04
2026-05-25,linkedin,Promo_Spring,43405,757,333.97,0.0,2132.65
2026-05-14,facebook,Lead_Gen_Q1,49354,706,1350.59,23.0,1997.64
2026-03-22,linkedin,Promo_Spring,3557,281,804.28,71.0,3332.48
2026-03-08,linkedin,Lead_Gen_Q1,39360,1781,699.02,8.0,2265.96
2026-02-22,facebook,Lead_Gen_Q1,17482,1272,858.84,46.0,3276.34
2026-03-22,facebook,Retargeting_Global,3200,2434,290.75,32.0,401.09
2026-03-03,google ads,Lead_Gen_Q1,47940,275,939.54,61.0,4087.24
2026-09-03,facebook,Promo_Spring,3961,930,576.5,18.0,4708.47
2026-04-12,google ads,Brand_Awareness_2026,47975,349,1350.92,66.0,3278.95
2026-02-03,facebook,Promo_Spring,22357,398,294.84,73.0,4777.37
2026-03-18,google ads,Promo_Spring,12969,2060,0.0,39.0,842.02
2026-04-28,google ads,Lead_Gen_Q1,3869,1175,917.26,46.0,2439.34
2026-03-22,linkedin,Promo_Spring,47760,385,98.41,64.0,3048.85
2026-01-19,facebook,Lead_Gen_Q1,29643,2043,577.36,28.0,2950.51
2026-01-03,google ads,Retargeting_Global,25736,2381,1112.32,49.0,2067.16
2026-04-28,linkedin,Lead_Gen_Q1,39467,155,1239.55,12.0,1756.61
2026-05-25,facebook,Retargeting_Global,24328,1991,504.08,0.0,721.44
2026-01-26,google ads,Brand_Awareness_2026,26876,302,1207.96,33.0,2019.54
2026-01-19,facebook,Promo_Spring,22295,441,1453.25,47.0,897.04
2026-05-18,google ads,Retargeting_Global,4987,714,1292.47,76.0,3698.39
2026-02-24,google ads,Brand_Awareness_2026,23399,2008,220.58,47.0,1123.27
2026-05-10,google ads,Lead_Gen_Q1,47214,408,1122.61,48.0,386.97
2026-03-09,facebook,Brand_Awareness_2026,34986,973,0.0,63.0,2806.59
2026-02-03,linkedin,Retargeting_Global,21880,2244,1483.2,60.0,3016.63
2026-03-31,facebook,Promo_Spring,5735,2051,753.77,28.0,4372.37
2026-01-18,linkedin,Brand_Awareness_2026,45064,1838,227.53,38.0,2927.21
2026-03-04,google ads,Brand_Awareness_2026,5555,2118,1101.52,25.0,1792.86
2026-05-04,facebook,Lead_Gen_Q1,42914,948,518.37,16.0,4034.76
2026-03-14,google ads,Lead_Gen_Q1,41818,719,1495.76,0.0,2747.37
2026-02-10,facebook,Promo_Spring,46525,816,1470.68,12.0,488.47
2026-04-23,linkedin,Lead_Gen_Q1,20830,1473,1001.39,68.0,2872.67
2026-05-20,facebook,Retargeting_Global,18429,1335,238.25,0.0,4549.29
2026-03-19,google ads,Retargeting_Global,7893,20,1045.95,48.0,2041.93
2026-05-16,facebook,Brand_Awareness_2026,15373,1095,184.89,66.0,1552.0
2026-01-03,google ads,Lead_Gen_Q1,48333,1878,92.58,6.0,803.0
2026-05-22,google ads,Lead_Gen_Q1,4436,2283,1243.29,57.0,842.08
2026-03-18,google ads,Brand_Awareness_2026,9754,781,354.14,48.0,2220.58
2026-01-27,linkedin,Promo_Spring,11677,1604,599.59,52.0,3018.83
2026-02-04,linkedin,Lead_Gen_Q1,6895,1617,1461.51,64.0,495.02
2026-03-09,google ads,Lead_Gen_Q1,20738,1343,538.42,61.0,4703.89
2026-01-30,linkedin,Promo_Spring,31746,894,479.91,16.0,3800.15
2026-01-28,linkedin,Lead_Gen_Q1,49404,1399,1381.4,42.0,2974.46
2026-05-22,google ads,Retargeting_Global,33352,235,210.59,24.0,4159.35
2026-02-09,google ads,Retargeting_Global,40790,834,1151.39,2.0,492.92
2026-03-11,facebook,Promo_Spring,42919,2275,1482.7,78.0,2436.51
2026-03-14,facebook,Promo_Spring,6600,946,1356.88,28.0,3187.46
2026-02-23,linkedin,Retargeting_Global,30124,2316,994.92,31.0,4160.4
2026-03-29,google ads,Retargeting_Global,28643,1921,505.39,25.0,3939.0
2026-02-22,linkedin,Retargeting_Global,41764,1806,418.77,15.0,1457.64
2026-03-09,google ads,Retargeting_Global,10007,63,1237.92,24.0,4710.31
2026-05-10,google ads,Promo_Spring,46714,736,1325.74,53.0,709.29
2026-05-06,google ads,Promo_Spring,38410,1554,811.88,27.0,4388.15
2026-03-06,google ads,Brand_Awareness_2026,45080,1053,404.29,72.0,4857.61
2026-01-14,google ads,Promo_Spring,41447,1923,213.77,55.0,968.05
2026-01-24,facebook,Retargeting_Global,9208,1786,176.41,64.0,3638.12
2026-04-19,google ads,Lead_Gen_Q1,19589,1606,1092.66,79.0,297.4
2026-03-12,google ads,Retargeting_Global,44484,1924,659.17,40.0,2086.57
2026-12-01,linkedin,Retargeting_Global,18453,2476,1362.77,50.0,2629.79
2026-01-01,google ads,Promo_Spring,37212,859,1122.52,0.0,2945.16
2026-03-27,google ads,Brand_Awareness_2026,44525,2119,327.33,77.0,4686.09
2026-02-03,google ads,Lead_Gen_Q1,48202,2273,939.98,28.0,3394.03
2026-03-09,linkedin,Lead_Gen_Q1,33635,12,681.48,18.0,2458.26
2026-02-11,google ads,Brand_Awareness_2026,34828,169,887.01,65.0,4067.41
2026-04-24,google ads,Retargeting_Global,19711,790,1120.2,40.0,4757.61
2026-05-22,google ads,Promo_Spring,4420,902,1218.98,44.0,208.12
2026-04-20,linkedin,Retargeting_Global,32216,2040,1273.42,14.0,4914.35
2026-03-01,facebook,Lead_Gen_Q1,46236,589,95.12,10.0,4090.5
2026-02-08,google ads,Promo_Spring,11492,1300,506.63,29.0,2255.29
2026-05-20,linkedin,Lead_Gen_Q1,36743,1650,55.53,0.0,3255.39
2026-01-10,facebook,Promo_Spring,7102,961,1038.42,17.0,1966.66
2026-04-05,linkedin,Retargeting_Global,20778,997,292.34,50.0,367.37
2026-05-30,linkedin,Retargeting_Global,27641,1228,1000.16,47.0,3037.36
2026-05-22,linkedin,Promo_Spring,35584,930,1488.03,65.0,4521.78
2026-02-07,linkedin,Promo_Spring,33745,1365,155.37,7.0,1977.76
2026-04-21,linkedin,Promo_Spring,24093,179,161.76,21.0,1160.03
2026-01-11,google ads,Retargeting_Global,39210,1496,1306.26,75.0,336.98
2026-03-20,linkedin,Lead_Gen_Q1,35663,49,362.52,56.0,4120.39
2026-04-04,facebook,Lead_Gen_Q1,37631,1570,572.55,35.0,4149.07
2026-01-11,google ads,Promo_Spring,46681,1428,149.33,78.0,2981.2
2026-04-02,facebook,Lead_Gen_Q1,8455,964,1156.58,56.0,1830.2
2026-02-23,google ads,Brand_Awareness_2026,5014,993,642.04,48.0,4018.94
2026-03-05,facebook,Brand_Awareness_2026,12093,984,1150.91,44.0,2817.97
2026-01-27,facebook,Brand_Awareness_2026,19070,47,1360.23,65.0,4147.07
2026-01-04,linkedin,Brand_Awareness_2026,36777,2385,387.51,76.0,3194.15
2026-05-24,facebook,Brand_Awareness_2026,17538,1284,1220.72,44.0,3943.59
2026-04-15,google ads,Promo_Spring,11729,1209,135.69,78.0,3032.96
2026-02-09,facebook,Lead_Gen_Q1,35177,1635,1353.33,19.0,2129.29
2026-03-02,linkedin,Lead_Gen_Q1,46017,923,993.61,63.0,4793.93
2026-02-11,google ads,Brand_Awareness_2026,1784,463,1317.63,66.0,2751.46
2026-02-15,facebook,Lead_Gen_Q1,28751,46,50.27,2.0,3064.94
2026-04-16,linkedin,Brand_Awareness_2026,41864,1721,295.17,53.0,1180.39
2026-01-07,google ads,Lead_Gen_Q1,41328,805,615.15,77.0,3165.69
2026-02-15,facebook,Promo_Spring,13533,982,600.28,63.0,2900.88
2026-03-27,facebook,Retargeting_Global,41111,602,378.76,39.0,1005.71
2026-04-16,facebook,Brand_Awareness_2026,40974,1147,603.34,58.0,391.98
2026-03-05,google ads,Promo_Spring,6801,1334,236.83,54.0,3061.36
2026-03-10,google ads,Promo_Spring,20190,2281,648.5,61.0,3842.09
2026-02-10,facebook,Brand_Awareness_2026,39754,327,1213.41,3.0,2664.67
2026-01-28,google ads,Brand_Awareness_2026,30592,2406,744.65,59.0,1211.19
2026-04-08,facebook,Promo_Spring,11647,2172,76.1,74.0,3365.96
2026-01-10,google ads,Brand_Awareness_2026,9716,1356,661.09,29.0,492.52
2026-05-01,linkedin,Brand_Awareness_2026,24355,1601,89.4,1.0,2264.99
2026-02-26,google ads,Retargeting_Global,23009,1899,1451.05,61.0,900.5
2026-02-21,google ads,Retargeting_Global,25376,2097,234.81,48.0,1003.85
2026-04-28,google ads,Brand_Awareness_2026,46091,2006,1076.15,8.0,1091.24
2026-03-31,linkedin,Promo_Spring,5780,1782,1460.53,30.0,1994.86
2026-03-20,linkedin,Lead_Gen_Q1,3368,1322,1247.76,60.0,350.64
2026-02-28,linkedin,Brand_Awareness_2026,13039,1295,1064.01,78.0,2049.19
2026-02-27,facebook,Brand_Awareness_2026,7655,225,1267.22,47.0,2607.37
2026-01-07,facebook,Lead_Gen_Q1,41941,2393,1473.61,24.0,2468.14
2026-02-19,linkedin,Lead_Gen_Q1,5495,2149,950.95,0.0,1975.64
2026-04-13,linkedin,Lead_Gen_Q1,11893,2410,860.82,7.0,4211.82
2026-03-26,google ads,Retargeting_Global,26547,1714,960.95,72.0,812.1
2026-03-13,linkedin,Retargeting_Global,23386,372,822.38,57.0,2577.91
2026-01-18,google ads,Retargeting_Global,14403,1726,970.88,44.0,404.0
2026-03-13,facebook,Promo_Spring,33097,1203,702.27,61.0,448.66
2026-03-31,google ads,Brand_Awareness_2026,14121,365,366.74,38.0,2911.94
2026-05-11,linkedin,Retargeting_Global,11966,200,224.36,57.0,2873.49
2026-04-13,linkedin,Promo_Spring,34621,2479,149.09,63.0,4402.36
2026-05-18,google ads,Promo_Spring,29312,709,431.81,43.0,2833.58
2026-03-26,facebook,Lead_Gen_Q1,23677,2064,116.88,28.0,4802.98
2026-01-08,linkedin,Lead_Gen_Q1,32289,2190,872.4,58.0,338.6
2026-01-30,facebook,Retargeting_Global,32024,566,461.55,70.0,580.24
2026-08-03,linkedin,Brand_Awareness_2026,43675,835,1245.58,8.0,315.92
2026-02-15,google ads,Brand_Awareness_2026,5777,1064,157.65,5.0,1007.86
2026-05-29,google ads,Brand_Awareness_2026,30749,435,378.21,28.0,2752.22
2026-03-09,facebook,Promo_Spring,16338,2420,1108.86,57.0,3263.3
2026-01-10,google ads,Promo_Spring,3491,1584,918.27,16.0,323.37
2026-01-28,google ads,Promo_Spring,28236,2139,143.51,15.0,4735.26
2026-04-22,google ads,Promo_Spring,49096,2413,1322.0,2.0,4226.61
2026-03-30,facebook,Brand_Awareness_2026,15599,598,1322.03,20.0,1553.4
2026-03-22,linkedin,Brand_Awareness_2026,20508,2022,529.09,63.0,478.22
2026-04-22,google ads,Lead_Gen_Q1,4051,1557,543.59,35.0,932.45
2026-11-05,linkedin,Brand_Awareness_2026,49747,304,1484.09,61.0,722.03
2026-01-30,linkedin,Promo_Spring,22606,1995,957.96,41.0,704.09
2026-04-09,google ads,Promo_Spring,22699,1257,820.41,75.0,2640.95
2026-05-28,google ads,Retargeting_Global,1876,1558,1265.32,41.0,1304.65
2026-02-18,google ads,Brand_Awareness_2026,33093,1700,463.67,60.0,1854.88
2026-03-07,linkedin,Brand_Awareness_2026,5142,1146,672.31,12.0,4948.58
2026-01-12,facebook,Lead_Gen_Q1,16202,1266,438.28,10.0,3453.14
2026-04-22,facebook,Lead_Gen_Q1,40734,2074,1194.28,53.0,4750.01
2026-01-01,linkedin,Promo_Spring,8079,369,881.36,15.0,798.53
2026-05-14,linkedin,Retargeting_Global,8987,709,1005.3,7.0,1972.48
2026-05-18,linkedin,Brand_Awareness_2026,40567,457,415.85,58.0,2818.19
2026-02-20,google ads,Brand_Awareness_2026,29940,2422,369.33,56.0,476.11
2026-04-04,facebook,Retargeting_Global,38233,684,758.14,39.0,120.52
2026-04-21,facebook,Brand_Awareness_2026,18019,1017,1119.47,58.0,3385.13
2026-01-18,facebook,Lead_Gen_Q1,47185,1359,811.6,1.0,3244.92
2026-03-26,facebook,Retargeting_Global,19077,2471,97.34,75.0,2112.87
2026-03-22,facebook,Brand_Awareness_2026,27258,595,1309.4,9.0,2499.26
2026-02-01,google ads,Lead_Gen_Q1,22136,1266,143.8,43.0,2135.67
2026-03-18,facebook,Lead_Gen_Q1,9311,1257,1435.95,10.0,217.62
2026-05-10,linkedin,Promo_Spring,18214,1003,86.46,78.0,1743.32
2026-03-21,linkedin,Brand_Awareness_2026,15098,1445,1056.95,79.0,967.7
2026-04-15,google ads,Retargeting_Global,29251,581,169.2,1.0,582.28
2026-03-25,google ads,Lead_Gen_Q1,38945,2392,1370.48,49.0,4787.93
2026-04-14,linkedin,Lead_Gen_Q1,48030,1255,723.43,11.0,3036.86
2026-03-17,linkedin,Promo_Spring,26945,2094,249.41,22.0,3670.42
2026-05-22,facebook,Retargeting_Global,26316,998,544.18,17.0,1645.28
2026-02-02,google ads,Promo_Spring,33217,287,289.0,61.0,2026.42
2026-02-19,facebook,Lead_Gen_Q1,9308,1229,297.34,61.0,1260.93
2026-04-18,google ads,Brand_Awareness_2026,6949,1897,1424.76,37.0,575.13
2026-04-08,linkedin,Retargeting_Global,2150,493,0.0,66.0,977.26
2026-02-14,linkedin,Brand_Awareness_2026,24944,1275,1193.76,37.0,4007.82
2026-05-26,facebook,Brand_Awareness_2026,35699,740,977.43,66.0,3419.97
2026-03-19,facebook,Promo_Spring,10204,2249,1030.82,60.0,2779.95
2026-04-14,facebook,Lead_Gen_Q1,2081,1050,240.96,0.0,2427.94
2026-05-21,linkedin,Brand_Awareness_2026,30305,927,389.57,44.0,4619.93
2026-01-01,google ads,Retargeting_Global,17896,2458,1190.79,27.0,456.4
2026-03-19,linkedin,Promo_Spring,47175,895,1457.61,20.0,1474.94
2026-03-15,linkedin,Retargeting_Global,8805,31,430.88,12.0,1814.7
2026-02-23,google ads,Brand_Awareness_2026,6237,483,443.77,26.0,3933.89
2026-04-21,google ads,Retargeting_Global,21056,2267,735.7,6.0,4963.32
2026-05-29,facebook,Promo_Spring,46543,2363,1476.57,21.0,1279.29
2026-03-24,google ads,Promo_Spring,46952,713,439.99,73.0,4384.11
2026-04-30,linkedin,Lead_Gen_Q1,4343,696,640.11,52.0,4170.05
2026-04-24,linkedin,Retargeting_Global,14500,294,1342.65,78.0,1200.82
2026-04-24,google ads,Promo_Spring,30375,725,0.0,78.0,2056.73
2026-02-24,facebook,Promo_Spring,10662,772,107.66,3.0,2107.4
2026-05-11,facebook,Lead_Gen_Q1,17964,1260,0.0,22.0,4893.28
2026-05-02,linkedin,Promo_Spring,48893,957,1365.7,69.0,986.37
2026-02-13,linkedin,Brand_Awareness_2026,9130,2438,396.34,75.0,4015.87
2026-01-22,linkedin,Retargeting_Global,20531,1040,730.98,32.0,1737.54
2026-03-14,facebook,Lead_Gen_Q1,2679,38,703.17,27.0,3681.26
2026-05-12,google ads,Brand_Awareness_2026,4506,916,735.81,7.0,2158.05
2026-03-27,linkedin,Brand_Awareness_2026,14284,2136,952.65,0.0,2933.96
2026-01-24,linkedin,Retargeting_Global,8253,579,731.13,36.0,4179.8
2026-03-02,google ads,Lead_Gen_Q1,20128,2016,698.83,62.0,4040.41
2026-03-21,facebook,Promo_Spring,28932,1463,737.72,21.0,4345.47
2026-02-27,linkedin,Lead_Gen_Q1,10435,747,906.76,69.0,392.12
2026-02-20,facebook,Promo_Spring,45078,525,828.66,20.0,3491.05
2026-02-07,linkedin,Retargeting_Global,14296,2010,1288.5,34.0,785.94
2026-01-07,google ads,Retargeting_Global,31445,2454,121.77,78.0,2137.51
2026-12-01,facebook,Brand_Awareness_2026,14245,48,1258.31,4.0,2788.08
2026-03-04,google ads,Brand_Awareness_2026,30124,896,1273.69,59.0,2073.42
2026-05-02,google ads,Brand_Awareness_2026,30899,2214,463.12,45.0,2646.1
2026-01-19,linkedin,Retargeting_Global,44919,1108,721.14,49.0,4982.98
2026-04-27,linkedin,Promo_Spring,44225,1833,685.88,47.0,762.56
2026-04-17,google ads,Retargeting_Global,36247,1720,366.84,5.0,3409.73
2026-05-28,linkedin,Retargeting_Global,30222,983,625.36,55.0,2040.4
2026-02-19,linkedin,Brand_Awareness_2026,27211,1572,114.36,58.0,751.75
2026-04-09,linkedin,Lead_Gen_Q1,38220,998,452.84,28.0,877.81
2026-05-07,google ads,Brand_Awareness_2026,27646,30,1234.19,70.0,4751.44
2026-04-13,linkedin,Lead_Gen_Q1,39649,2360,462.62,76.0,4410.05
2026-03-04,linkedin,Promo_Spring,24049,878,1236.4,17.0,4544.51
2026-02-07,facebook,Promo_Spring,15069,93,820.82,1.0,4958.51
2026-01-02,linkedin,Promo_Spring,33580,1692,1325.8,7.0,1120.75
2026-01-28,facebook,Brand_Awareness_2026,32843,1986,883.43,74.0,1841.65
2026-04-19,google ads,Brand_Awareness_2026,3849,1420,93.02,53.0,3379.17
2026-02-26,facebook,Brand_Awareness_2026,41158,1540,0.0,37.0,2470.63
2026-02-15,facebook,Retargeting_Global,24289,579,115.04,47.0,2150.11
2026-05-13,google ads,Brand_Awareness_2026,45690,943,703.37,26.0,1853.28
2026-04-29,google ads,Retargeting_Global,36257,1990,1397.67,19.0,3009.53
2026-01-13,facebook,Promo_Spring,10823,1865,289.55,11.0,2920.41
2026-05-23,google ads,Brand_Awareness_2026,42975,802,615.31,42.0,891.14
2026-03-05,facebook,Retargeting_Global,10540,801,1108.3,60.0,2411.53
2026-02-01,google ads,Promo_Spring,17364,1819,1329.27,30.0,2812.01
2026-04-27,google ads,Promo_Spring,5611,1304,1022.87,60.0,2894.41
2026-02-04,google ads,Brand_Awareness_2026,28663,2265,424.35,73.0,1129.53
2026-04-29,google ads,Lead_Gen_Q1,39646,1617,1028.18,66.0,3737.13
2026-05-16,google ads,Lead_Gen_Q1,31977,1093,480.26,34.0,223.48
2026-05-24,facebook,Promo_Spring,30168,2487,1091.72,14.0,1838.68
2026-03-23,google ads,Lead_Gen_Q1,26471,994,1433.35,15.0,3923.04
2026-04-24,google ads,Lead_Gen_Q1,23687,1690,1096.02,12.0,2863.08
2026-05-10,google ads,Retargeting_Global,1851,529,1301.18,34.0,1379.7
2026-04-20,linkedin,Retargeting_Global,19071,600,53.05,74.0,3505.27
2026-05-21,google ads,Retargeting_Global,7833,1060,1090.48,58.0,2880.22
2026-04-25,linkedin,Promo_Spring,12938,1719,1252.9,20.0,4001.59
2026-02-10,google ads,Lead_Gen_Q1,36195,2045,108.81,53.0,3701.62
2026-05-02,linkedin,Brand_Awareness_2026,27144,2256,1313.82,74.0,3089.53
2026-04-26,linkedin,Lead_Gen_Q1,5000,2444,422.21,29.0,2492.07
2026-03-08,google ads,Promo_Spring,6052,358,1014.67,47.0,752.59
2026-03-05,linkedin,Retargeting_Global,36506,969,1210.51,34.0,1380.53
2026-12-03,facebook,Promo_Spring,29074,1973,0.0,37.0,2153.59
2026-05-14,google ads,Retargeting_Global,39155,702,183.81,0.0,3036.57
2026-05-05,linkedin,Promo_Spring,41770,1569,914.67,77.0,2617.17
2026-03-03,google ads,Brand_Awareness_2026,33320,387,846.9,23.0,1512.1
2026-03-12,linkedin,Retargeting_Global,39304,536,1355.47,48.0,131.68
2026-04-23,facebook,Retargeting_Global,47247,2263,636.15,31.0,2531.57
2026-01-20,google ads,Lead_Gen_Q1,4913,1269,515.57,54.0,1499.57
2026-03-15,google ads,Promo_Spring,18450,1885,1137.28,78.0,3699.58
2026-03-02,google ads,Lead_Gen_Q1,25107,1773,648.38,57.0,217.34
2026-03-11,google ads,Promo_Spring,21764,530,986.84,2.0,2965.66
2026-03-27,linkedin,Brand_Awareness_2026,44404,1711,987.35,79.0,4713.22
2026-03-23,google ads,Lead_Gen_Q1,21491,1026,1337.66,68.0,954.61
2026-05-19,linkedin,Retargeting_Global,39494,1023,918.1,9.0,2411.08
2026-01-21,google ads,Brand_Awareness_2026,4373,126,778.12,24.0,547.97
2026-02-05,google ads,Promo_Spring,13161,2443,251.36,67.0,3165.84
2026-02-08,linkedin,Retargeting_Global,32996,1377,217.82,60.0,2797.61
2026-03-01,facebook,Promo_Spring,28122,593,273.77,28.0,2096.09
2026-04-09,google ads,Retargeting_Global,35850,404,299.18,18.0,2654.75
2026-02-09,facebook,Promo_Spring,28350,1097,974.92,42.0,4493.22
2026-02-24,facebook,Retargeting_Global,28472,81,1124.42,65.0,1061.84
2026-01-17,linkedin,Promo_Spring,29761,283,818.49,73.0,210.57
2026-04-17,linkedin,Lead_Gen_Q1,26351,2023,1252.08,60.0,4322.16
2026-04-15,google ads,Retargeting_Global,24132,1353,0.0,42.0,2927.87
2026-03-26,facebook,Retargeting_Global,16305,347,1239.02,24.0,4464.23
2026-05-19,linkedin,Lead_Gen_Q1,10817,1399,1057.58,19.0,3025.03
2026-04-30,facebook,Promo_Spring,12261,616,822.11,47.0,4069.79
2026-04-17,google ads,Retargeting_Global,1417,175,700.84,23.0,2205.4
2026-01-16,linkedin,Lead_Gen_Q1,42576,1577,0.0,10.0,3774.31
2026-02-22,google ads,Promo_Spring,21358,2068,629.08,54.0,4573.9
2026-04-18,facebook,Retargeting_Global,4267,1334,1369.7,27.0,2903.4
2026-10-04,google ads,Retargeting_Global,18209,738,1221.63,68.0,985.85
2026-05-30,linkedin,Promo_Spring,25052,2053,363.27,62.0,1417.11
2026-01-06,google ads,Lead_Gen_Q1,39513,111,726.58,58.0,1073.36
2026-05-28,facebook,Retargeting_Global,27092,1425,1234.25,4.0,1309.6
2026-04-08,google ads,Promo_Spring,12338,788,147.71,0.0,1601.44
2026-05-03,google ads,Retargeting_Global,1412,223,611.72,20.0,2820.16
2026-01-02,facebook,Promo_Spring,8543,1121,1285.17,11.0,2981.16
2026-04-01,google ads,Retargeting_Global,41355,1586,635.65,49.0,2189.85
2026-03-18,google ads,Brand_Awareness_2026,34496,2458,0.0,3.0,3115.56
2026-04-10,facebook,Lead_Gen_Q1,24548,1705,836.67,41.0,499.72
2026-04-18,linkedin,Lead_Gen_Q1,28384,601,1299.53,37.0,530.16
2026-05-18,linkedin,Brand_Awareness_2026,45425,1343,0.0,24.0,941.96
2026-05-20,facebook,Promo_Spring,39756,1119,378.1,13.0,2638.58
2026-02-26,facebook,Lead_Gen_Q1,19888,2149,607.15,74.0,1148.57
2026-05-05,google ads,Promo_Spring,36735,723,702.68,31.0,1488.09
2026-02-26,facebook,Retargeting_Global,48295,945,889.94,10.0,2061.53
2026-03-11,google ads,Brand_Awareness_2026,49816,1961,0.0,60.0,4078.14
2026-04-22,facebook,Promo_Spring,18506,251,193.37,17.0,167.92
2026-05-05,linkedin,Promo_Spring,21463,2053,1340.0,26.0,3281.96
2026-01-08,linkedin,Lead_Gen_Q1,18955,11,67.85,54.0,3377.5
2026-10-04,facebook,Retargeting_Global,38841,2282,586.58,53.0,4013.41
2026-03-28,google ads,Lead_Gen_Q1,6104,1778,89.76,74.0,4670.49
2026-04-14,google ads,Retargeting_Global,35911,1959,619.81,20.0,198.68
2026-02-12,google ads,Lead_Gen_Q1,24190,2173,812.43,43.0,853.54
2026-04-30,google ads,Promo_Spring,8357,927,791.94,4.0,4442.24
2026-02-02,linkedin,Promo_Spring,33479,2251,290.16,40.0,2346.74
2026-05-17,google ads,Brand_Awareness_2026,45811,99,986.32,58.0,2866.49
2026-01-07,google ads,Promo_Spring,37208,1719,114.93,53.0,3348.83
2026-04-11,facebook,Promo_Spring,21150,2179,1154.76,73.0,3427.43
2026-05-25,google ads,Promo_Spring,6644,152,1422.63,21.0,4665.53
2026-07-01,linkedin,Promo_Spring,44286,115,542.66,64.0,4985.05
2026-01-22,facebook,Brand_Awareness_2026,48320,896,800.0,63.0,3628.77
2026-04-20,google ads,Retargeting_Global,3914,437,599.42,70.0,1507.38
2026-02-04,facebook,Brand_Awareness_2026,22352,1338,59.73,3.0,4410.79
2026-04-29,linkedin,Brand_Awareness_2026,47352,1905,609.52,64.0,341.18
2026-02-16,google ads,Lead_Gen_Q1,45912,2004,1197.99,14.0,1232.3
2026-01-13,linkedin,Retargeting_Global,15397,326,914.18,75.0,4497.19
2026-03-08,google ads,Lead_Gen_Q1,42555,1996,196.83,21.0,1355.34
2026-04-08,linkedin,Brand_Awareness_2026,47959,644,1278.35,46.0,1181.19
2026-04-27,facebook,Promo_Spring,40954,2280,891.32,49.0,2550.29
2026-03-25,google ads,Brand_Awareness_2026,48280,1449,861.55,19.0,3406.98
2026-03-28,google ads,Brand_Awareness_2026,14923,562,202.63,49.0,1271.43
2026-04-08,google ads,Brand_Awareness_2026,17779,725,292.67,32.0,3814.4
2026-03-13,facebook,Retargeting_Global,8400,1297,1459.44,58.0,3824.03
2026-04-18,facebook,Lead_Gen_Q1,25466,1723,381.31,42.0,1631.73
2026-03-06,linkedin,Lead_Gen_Q1,37939,1893,1467.31,78.0,2112.34
2026-01-21,google ads,Promo_Spring,5360,1117,821.27,11.0,1127.48
2026-05-01,google ads,Retargeting_Global,36270,1351,246.89,39.0,4885.15
2026-05-01,facebook,Promo_Spring,18101,120,193.99,19.0,3263.45
2026-05-19,google ads,Promo_Spring,33307,260,352.85,37.0,4679.27
2026-01-14,google ads,Lead_Gen_Q1,6486,2440,1392.17,2.0,1586.59
2026-03-31,google ads,Retargeting_Global,9335,2064,650.52,27.0,3931.27
2026-02-27,facebook,Brand_Awareness_2026,22364,468,623.38,55.0,3852.71
2026-01-18,facebook,Promo_Spring,38259,1117,504.15,12.0,3489.11
2026-01-11,google ads,Brand_Awareness_2026,24576,217,263.24,76.0,4831.63
2026-01-08,facebook,Retargeting_Global,32667,909,757.38,65.0,2028.42
2026-03-05,google ads,Promo_Spring,12130,31,238.57,36.0,740.51
2026-02-21,facebook,Brand_Awareness_2026,22972,419,1261.45,48.0,3391.37
2026-06-01,linkedin,Brand_Awareness_2026,41419,904,587.08,65.0,3673.62
2026-02-09,facebook,Lead_Gen_Q1,2167,524,593.47,35.0,2917.8
2026-03-03,google ads,Retargeting_Global,28192,818,737.31,53.0,1113.41
2026-02-02,facebook,Retargeting_Global,2062,883,693.99,25.0,2571.83
2026-05-02,google ads,Retargeting_Global,19540,23,1492.54,74.0,1629.73
2026-01-30,facebook,Promo_Spring,25244,980,840.8,71.0,2194.59
2026-05-25,google ads,Lead_Gen_Q1,22545,2144,177.89,39.0,3261.57
2026-02-25,google ads,Promo_Spring,22689,1570,0.0,42.0,3751.55
2026-04-30,facebook,Retargeting_Global,12174,1334,269.8,21.0,1237.9
2026-03-07,google ads,Promo_Spring,23925,1276,94.86,19.0,2086.09
2026-05-04,google ads,Brand_Awareness_2026,38497,2179,1457.58,7.0,1418.89
2026-02-12,linkedin,Promo_Spring,10348,759,1171.63,28.0,1073.29
2026-01-30,linkedin,Promo_Spring,24714,694,1471.16,39.0,3938.6
2026-02-11,facebook,Retargeting_Global,39102,1937,742.92,29.0,4555.34
2026-03-21,google ads,Brand_Awareness_2026,9924,2366,821.77,54.0,1914.14
2026-01-28,google ads,Retargeting_Global,38098,704,294.09,0.0,3781.27
2026-05-29,google ads,Brand_Awareness_2026,25394,2345,408.02,45.0,4495.28
2026-01-07,google ads,Brand_Awareness_2026,7801,316,1265.9,61.0,4246.01
2026-03-21,facebook,Brand_Awareness_2026,38614,1999,566.47,6.0,995.79
2026-05-28,google ads,Retargeting_Global,7731,671,1248.88,79.0,4785.83
2026-07-04,facebook,Brand_Awareness_2026,49136,558,1078.07,44.0,1945.71
2026-04-12,linkedin,Lead_Gen_Q1,24625,321,306.9,58.0,1762.28
2026-02-20,google ads,Lead_Gen_Q1,18337,1092,785.8,55.0,405.91
2026-01-20,google ads,Lead_Gen_Q1,36307,1747,1032.21,47.0,2482.25
2026-03-04,google ads,Lead_Gen_Q1,8056,764,390.8,26.0,634.17
2026-01-27,linkedin,Retargeting_Global,12516,44,1254.5,0.0,1317.85
2026-03-19,facebook,Promo_Spring,45261,454,840.0,72.0,1653.02
2026-01-31,facebook,Promo_Spring,2542,2150,289.6,34.0,4063.25
2026-01-11,google ads,Promo_Spring,47732,1240,1499.59,36.0,1582.08
2026-03-30,google ads,Lead_Gen_Q1,40081,362,268.26,56.0,4307.62
2026-05-17,google ads,Lead_Gen_Q1,28569,912,1234.3,7.0,4300.43
2026-04-20,facebook,Promo_Spring,24322,1365,350.6,78.0,3846.79
2026-04-05,google ads,Promo_Spring,20065,1758,1184.46,19.0,818.81
2026-01-18,google ads,Brand_Awareness_2026,18924,168,1115.14,52.0,3482.58
2026-05-10,google ads,Lead_Gen_Q1,23556,1987,485.71,11.0,4730.62
2026-03-29,linkedin,Promo_Spring,27962,966,522.44,48.0,3444.45
2026-01-04,linkedin,Promo_Spring,29295,2081,1199.16,16.0,1724.92
2026-04-18,linkedin,Promo_Spring,14807,413,719.1,63.0,2552.84
2026-05-06,linkedin,Brand_Awareness_2026,43348,525,1109.69,41.0,3264.05
2026-01-28,facebook,Lead_Gen_Q1,27432,1397,264.58,28.0,2601.8
2026-04-21,google ads,Lead_Gen_Q1,18749,965,1286.21,18.0,687.77
2026-04-03,google ads,Retargeting_Global,42459,2209,1080.78,0.0,1629.11
2026-04-28,facebook,Brand_Awareness_2026,27256,1722,1365.07,49.0,4031.74
2026-02-09,google ads,Brand_Awareness_2026,41262,617,241.94,70.0,4320.95
2026-04-22,facebook,Lead_Gen_Q1,38080,2477,909.87,57.0,772.77
2026-02-15,google ads,Retargeting_Global,2324,1283,918.72,33.0,4766.7
2026-05-14,google ads,Retargeting_Global,26731,1545,562.52,19.0,1711.23
2026-03-11,google ads,Lead_Gen_Q1,36909,2392,714.78,49.0,3345.34
2026-05-18,facebook,Promo_Spring,24803,1451,105.07,9.0,3783.94
2026-04-05,linkedin,Brand_Awareness_2026,20870,1807,1131.5,31.0,4078.54
2026-04-30,google ads,Retargeting_Global,35578,304,846.52,51.0,4734.17
2026-04-22,linkedin,Promo_Spring,7588,764,133.72,14.0,1633.31
2026-03-10,facebook,Retargeting_Global,39069,1404,1037.1,2.0,4306.68
2026-03-24,google ads,Promo_Spring,27790,195,726.83,36.0,745.27
2026-03-04,google ads,Promo_Spring,26289,1279,99.97,39.0,3554.7
2026-01-23,google ads,Brand_Awareness_2026,29178,646,1455.93,71.0,3735.69
2026-03-13,facebook,Retargeting_Global,29710,1301,1426.21,39.0,3420.84
2026-04-26,linkedin,Retargeting_Global,16485,539,793.71,55.0,1336.34
2026-03-04,linkedin,Promo_Spring,45482,2078,185.83,22.0,4377.91
2026-04-29,google ads,Lead_Gen_Q1,21652,803,1144.2,10.0,927.41
2026-05-26,linkedin,Retargeting_Global,5748,2157,763.3,63.0,362.81
2026-04-08,linkedin,Brand_Awareness_2026,22233,487,488.55,7.0,3615.58
2026-03-28,linkedin,Lead_Gen_Q1,10435,1632,762.56,55.0,2429.83
2026-01-08,google ads,Retargeting_Global,4709,949,807.54,0.0,4260.58
2026-05-07,linkedin,Brand_Awareness_2026,31355,535,865.93,9.0,1978.65
2026-03-25,google ads,Lead_Gen_Q1,14116,2391,689.77,38.0,924.57
2026-05-05,facebook,Brand_Awareness_2026,43344,384,1382.17,48.0,2789.66
2026-02-24,google ads,Lead_Gen_Q1,43918,2350,575.29,35.0,1027.06
2026-01-04,linkedin,Retargeting_Global,40298,562,1102.29,0.0,3629.88
2026-03-08,facebook,Lead_Gen_Q1,43956,2375,1346.96,35.0,2604.46
2026-03-29,google ads,Promo_Spring,15683,1535,711.17,25.0,3061.13
2026-03-12,facebook,Lead_Gen_Q1,34982,390,923.07,63.0,4160.67
2026-05-23,google ads,Promo_Spring,35299,1656,907.54,37.0,4164.86
2026-01-03,linkedin,Promo_Spring,29016,23,1219.55,21.0,3576.01
2026-05-13,linkedin,Lead_Gen_Q1,24960,513,740.9,1.0,616.47
2026-02-18,google ads,Promo_Spring,34591,2288,1494.38,30.0,4210.38
2026-01-22,linkedin,Lead_Gen_Q1,18312,2018,136.23,10.0,3387.96
2026-03-03,facebook,Lead_Gen_Q1,38797,139,54.59,45.0,3515.42
2026-04-15,google ads,Promo_Spring,47196,847,978.29,61.0,1878.62
2026-05-06,linkedin,Retargeting_Global,3105,2050,482.73,68.0,4408.47
2026-05-23,linkedin,Lead_Gen_Q1,37395,37,398.55,0.0,3654.32
2026-03-03,linkedin,Lead_Gen_Q1,46740,2123,502.25,9.0,651.69
2026-05-02,google ads,Retargeting_Global,23700,1262,421.27,39.0,2098.11
2026-05-06,linkedin,Promo_Spring,35620,270,94.65,23.0,4443.26
2026-04-25,linkedin,Brand_Awareness_2026,38678,2056,1458.72,43.0,331.26
2026-01-05,google ads,Retargeting_Global,21559,1482,370.08,59.0,4810.94
2026-01-24,facebook,Brand_Awareness_2026,28509,1457,1114.34,61.0,3427.9
2026-03-17,google ads,Promo_Spring,28860,469,1155.76,16.0,3193.74
2026-02-26,facebook,Lead_Gen_Q1,12003,310,1397.42,64.0,1425.74
2026-04-14,google ads,Lead_Gen_Q1,22732,2344,94.3,56.0,1319.08
2026-03-04,linkedin,Promo_Spring,26826,639,1314.47,54.0,4716.09
2026-03-20,facebook,Promo_Spring,31354,279,814.48,52.0,1561.54
2026-05-29,facebook,Promo_Spring,14843,2003,967.19,55.0,3899.98
2026-04-05,facebook,Promo_Spring,45472,1638,984.48,8.0,2026.3
2026-05-02,linkedin,Promo_Spring,49529,1811,1238.71,21.0,782.34
2026-05-22,google ads,Promo_Spring,7190,871,533.44,12.0,152.5
2026-05-16,facebook,Promo_Spring,18640,1290,1112.92,47.0,2766.86
2026-03-30,google ads,Lead_Gen_Q1,39413,2190,816.44,17.0,4881.32
2026-04-19,google ads,Brand_Awareness_2026,43356,1809,1200.42,75.0,1908.77
2026-05-21,facebook,Brand_Awareness_2026,45597,1716,1486.29,39.0,1850.24
2026-03-26,google ads,Lead_Gen_Q1,41821,2370,340.94,16.0,1786.05
2026-04-01,linkedin,Retargeting_Global,4330,585,1492.24,14.0,2650.66
2026-04-27,linkedin,Brand_Awareness_2026,20087,2013,180.23,14.0,2259.26
2026-03-11,linkedin,Retargeting_Global,42430,1317,53.36,78.0,4411.58
2026-03-20,google ads,Lead_Gen_Q1,25504,1966,114.03,62.0,2577.05
2026-03-06,google ads,Retargeting_Global,8114,2030,545.58,38.0,2588.01
2026-03-01,linkedin,Lead_Gen_Q1,14323,2222,967.71,12.0,778.02
2026-01-31,linkedin,Promo_Spring,35121,2362,150.09,31.0,4915.42
2026-02-19,google ads,Promo_Spring,11975,1665,58.22,8.0,1324.87
2026-03-22,facebook,Brand_Awareness_2026,12023,1589,0.0,39.0,459.48
2026-01-31,google ads,Brand_Awareness_2026,22447,1857,1241.79,19.0,3349.42
2026-05-18,google ads,Retargeting_Global,25933,2213,1223.32,76.0,3017.3
2026-02-17,facebook,Retargeting_Global,24959,1400,1332.42,79.0,2134.21
2026-02-25,facebook,Promo_Spring,30703,1935,201.39,62.0,3946.81
2026-05-04,google ads,Lead_Gen_Q1,10337,629,628.7,75.0,1058.99
2026-03-12,linkedin,Promo_Spring,47427,1284,1098.57,43.0,4119.24
2026-05-31,google ads,Brand_Awareness_2026,37487,966,456.48,37.0,3278.86
2026-05-15,google ads,Lead_Gen_Q1,20129,1949,1046.74,59.0,2152.95
2026-03-14,google ads,Retargeting_Global,41251,2391,85.52,70.0,2344.34
2026-01-26,linkedin,Brand_Awareness_2026,32921,978,493.9,47.0,1357.57
2026-02-19,facebook,Promo_Spring,34307,1326,846.24,17.0,3785.36
2026-03-17,linkedin,Retargeting_Global,28355,1053,966.53,15.0,2613.09
2026-02-28,facebook,Retargeting_Global,38732,291,886.71,54.0,1672.19
2026-04-03,linkedin,Brand_Awareness_2026,5835,2176,1061.75,38.0,3020.65
2026-02-15,google ads,Promo_Spring,21159,1068,58.83,67.0,4979.1
2026-03-19,google ads,Brand_Awareness_2026,39810,207,196.36,58.0,2232.79
2026-04-01,google ads,Lead_Gen_Q1,48605,1092,1309.97,61.0,4611.39
2026-05-17,google ads,Lead_Gen_Q1,41080,1194,1038.54,12.0,1790.58
2026-02-02,linkedin,Retargeting_Global,39088,1018,213.75,5.0,368.19
2026-03-12,google ads,Promo_Spring,14216,1239,1271.01,76.0,1100.79
2026-01-12,facebook,Lead_Gen_Q1,36547,1045,401.24,59.0,2151.61
2026-01-14,google ads,Lead_Gen_Q1,32471,499,743.48,13.0,1176.21
2026-05-22,facebook,Lead_Gen_Q1,18308,285,260.53,53.0,101.11
2026-03-16,google ads,Lead_Gen_Q1,28532,2299,1079.66,3.0,4583.51
2026-02-02,google ads,Brand_Awareness_2026,35349,1249,1016.94,38.0,4235.01
2026-05-06,google ads,Retargeting_Global,46445,1284,356.11,71.0,3737.23
2026-01-27,google ads,Retargeting_Global,6713,135,1301.93,24.0,922.29
2026-01-04,google ads,Lead_Gen_Q1,5804,226,631.89,76.0,689.78
2026-05-27,facebook,Retargeting_Global,11136,1218,474.15,31.0,431.26
2026-05-01,linkedin,Retargeting_Global,20255,2484,435.94,62.0,4651.16
2026-05-03,facebook,Retargeting_Global,24793,928,81.94,37.0,2209.63
2026-04-23,google ads,Brand_Awareness_2026,30548,1327,895.72,52.0,683.79
2026-03-29,linkedin,Lead_Gen_Q1,38892,2208,1271.23,66.0,2610.72
2026-01-14,facebook,Brand_Awareness_2026,28712,1671,367.95,2.0,1936.64
2026-06-03,google ads,Retargeting_Global,35961,317,98.82,79.0,3144.52
2026-05-03,google ads,Lead_Gen_Q1,9415,1369,361.21,21.0,3621.72
2026-01-30,linkedin,Lead_Gen_Q1,47318,1979,653.38,37.0,641.96
2026-01-17,google ads,Lead_Gen_Q1,48280,901,1151.44,71.0,274.39
2026-04-13,facebook,Lead_Gen_Q1,24833,384,322.37,71.0,4972.22
2026-05-06,facebook,Retargeting_Global,5158,2043,1093.7,61.0,1240.37
2026-01-19,google ads,Lead_Gen_Q1,21309,1374,1307.05,56.0,363.77
2026-05-28,google ads,Promo_Spring,7970,138,708.22,5.0,1030.39
2026-01-14,google ads,Promo_Spring,7938,1024,0.0,77.0,290.89
2026-02-08,google ads,Lead_Gen_Q1,22168,1809,854.25,31.0,2019.87
2026-08-02,linkedin,Retargeting_Global,47540,1391,973.78,9.0,4031.77
2026-05-25,facebook,Promo_Spring,21384,526,813.1,2.0,1772.1
2026-03-19,facebook,Promo_Spring,19017,1528,721.6,58.0,2276.5
2026-01-22,google ads,Promo_Spring,11344,95,390.25,75.0,3410.38
2026-03-05,google ads,Brand_Awareness_2026,41034,1208,489.63,48.0,2593.58
2026-01-31,facebook,Brand_Awareness_2026,9702,2368,470.46,58.0,4321.08
2026-05-23,facebook,Promo_Spring,1384,1152,866.77,30.0,4343.57
2026-05-14,facebook,Promo_Spring,48926,2171,1094.95,51.0,2357.59
2026-08-04,facebook,Promo_Spring,30189,312,632.1,40.0,4945.32
2026-04-26,facebook,Retargeting_Global,13763,597,280.01,30.0,2467.84
2026-04-24,google ads,Brand_Awareness_2026,19384,996,1328.89,21.0,4935.79
2026-03-18,facebook,Brand_Awareness_2026,33606,1873,1244.48,3.0,3797.39
2026-05-31,linkedin,Promo_Spring,10860,354,1096.5,12.0,1318.16
2026-04-20,facebook,Retargeting_Global,39757,823,443.74,44.0,2738.14
2026-03-20,facebook,Brand_Awareness_2026,16106,1997,633.55,41.0,4961.46
2026-05-26,google ads,Promo_Spring,24574,1320,198.98,48.0,4301.9
2026-01-16,linkedin,Lead_Gen_Q1,24524,2009,324.11,19.0,577.1
2026-01-26,facebook,Promo_Spring,4636,1687,1185.37,76.0,3561.22
2026-02-23,google ads,Lead_Gen_Q1,11916,1337,1086.81,53.0,1793.34
2026-02-24,google ads,Promo_Spring,5809,1102,910.55,35.0,134.21
2026-01-21,facebook,Retargeting_Global,14456,1019,895.74,14.0,1250.3
2026-02-10,google ads,Retargeting_Global,49212,713,0.0,76.0,4112.46
2026-03-03,facebook,Retargeting_Global,39765,584,543.54,16.0,1752.92
2026-02-14,linkedin,Lead_Gen_Q1,35816,1618,1413.65,23.0,4154.87
2026-05-22,google ads,Promo_Spring,46106,1122,169.94,57.0,102.93
2026-01-20,google ads,Retargeting_Global,18100,697,1399.79,71.0,1608.31
2026-02-10,linkedin,Brand_Awareness_2026,22949,498,1248.74,22.0,1281.71
2026-01-01,facebook,Brand_Awareness_2026,5544,1357,238.4,45.0,1244.48
2026-04-15,facebook,Brand_Awareness_2026,38744,503,869.23,71.0,434.11
2026-04-26,google ads,Promo_Spring,46543,1677,1306.49,7.0,1016.91
2026-05-01,google ads,Brand_Awareness_2026,43783,1647,879.12,58.0,2822.19
2026-03-16,facebook,Brand_Awareness_2026,27657,28,0.0,58.0,1527.67
2026-01-09,linkedin,Lead_Gen_Q1,37187,2454,1417.33,12.0,2145.23
2026-03-01,facebook,Promo_Spring,48198,1010,662.46,38.0,1946.65
2026-03-15,facebook,Promo_Spring,8239,860,597.1,27.0,4391.93
2026-03-14,facebook,Brand_Awareness_2026,15489,1398,1407.67,60.0,4535.97
2026-04-27,linkedin,Promo_Spring,44125,1364,1028.95,15.0,2515.49
2026-01-19,linkedin,Lead_Gen_Q1,29538,1377,218.23,1.0,1717.76
2026-03-01,facebook,Lead_Gen_Q1,33049,831,111.32,16.0,623.32
2026-03-09,google ads,Retargeting_Global,38131,464,868.71,29.0,4771.67
2026-05-31,linkedin,Lead_Gen_Q1,43944,1634,1398.75,12.0,395.11
2026-02-20,facebook,Retargeting_Global,9427,720,1274.16,12.0,1558.49
2026-04-19,facebook,Brand_Awareness_2026,42348,2200,1029.98,42.0,1560.52
2026-01-30,facebook,Retargeting_Global,25285,926,251.72,20.0,1669.97
2026-05-20,google ads,Retargeting_Global,38626,1506,418.64,54.0,905.01
2026-02-27,linkedin,Brand_Awareness_2026,43808,1450,1319.49,39.0,3937.49
2026-02-08,google ads,Retargeting_Global,23928,314,315.07,14.0,700.24
2026-10-03,facebook,Lead_Gen_Q1,20198,745,453.74,72.0,3211.04
2026-02-06,linkedin,Brand_Awareness_2026,20758,2348,237.92,51.0,706.85
2026-01-19,facebook,Promo_Spring,16254,1973,1030.36,73.0,445.62
2026-01-16,facebook,Retargeting_Global,45238,2159,1418.77,52.0,4556.2
2026-02-12,linkedin,Lead_Gen_Q1,2252,2019,440.0,51.0,1031.63
2026-03-20,google ads,Promo_Spring,40764,971,739.34,29.0,4124.13
2026-05-26,google ads,Brand_Awareness_2026,13173,1036,969.79,32.0,2768.69
2026-03-15,google ads,Brand_Awareness_2026,38441,2142,1499.23,56.0,481.5
2026-04-23,linkedin,Brand_Awareness_2026,27698,2385,201.97,51.0,4781.7
2026-02-01,linkedin,Lead_Gen_Q1,16781,1483,0.0,8.0,1310.11
2026-04-30,facebook,Promo_Spring,14051,1957,608.42,53.0,4312.26
2026-03-19,facebook,Brand_Awareness_2026,40649,1187,1305.44,0.0,927.17
2026-04-14,linkedin,Lead_Gen_Q1,7949,674,740.15,43.0,4284.32
2026-03-11,google ads,Lead_Gen_Q1,43289,21,210.92,74.0,164.82
2026-05-09,linkedin,Promo_Spring,9017,1166,969.92,79.0,2607.72
2026-05-19,linkedin,Brand_Awareness_2026,7941,313,1167.63,8.0,3870.27
2026-05-07,google ads,Brand_Awareness_2026,26934,1773,54.18,31.0,4680.5
2026-04-23,google ads,Retargeting_Global,24386,52,1295.49,14.0,4555.09
2026-01-21,google ads,Brand_Awareness_2026,11209,953,319.73,11.0,4116.16
2026-01-11,google ads,Promo_Spring,18715,2400,850.5,77.0,4452.14
2026-04-21,linkedin,Lead_Gen_Q1,29920,1359,652.91,56.0,1076.18
2026-03-24,linkedin,Promo_Spring,32703,2421,1093.5,7.0,1492.5
2026-03-06,google ads,Brand_Awareness_2026,43318,900,588.18,71.0,1515.95
2026-01-07,facebook,Lead_Gen_Q1,5637,2484,1311.16,0.0,1947.56
2026-01-24,google ads,Promo_Spring,5854,1014,1109.22,61.0,2027.27
2026-02-28,google ads,Brand_Awareness_2026,44088,30,989.18,11.0,2768.32
2026-05-28,google ads,Brand_Awareness_2026,38660,416,1204.55,64.0,883.41
2026-05-31,google ads,Brand_Awareness_2026,40811,1024,1143.33,41.0,3487.11
2026-01-06,google ads,Retargeting_Global,20856,345,102.11,61.0,921.08
2026-05-28,facebook,Retargeting_Global,20963,1157,1399.67,42.0,2566.39
2026-01-11,facebook,Lead_Gen_Q1,37932,2456,232.3,16.0,4002.56
2026-02-14,facebook,Promo_Spring,28169,1837,1118.79,31.0,3723.4
2026-05-01,linkedin,Lead_Gen_Q1,8941,724,1463.16,39.0,3263.12
2026-05-13,google ads,Lead_Gen_Q1,15388,60,125.69,22.0,863.29
2026-04-24,linkedin,Brand_Awareness_2026,6569,333,1039.18,55.0,2780.52
2026-03-13,google ads,Brand_Awareness_2026,5300,798,728.82,5.0,528.49
2026-02-16,linkedin,Lead_Gen_Q1,40037,150,889.8,49.0,1949.08
2026-05-30,facebook,Promo_Spring,37586,479,173.74,36.0,2126.23
2026-04-22,facebook,Retargeting_Global,13015,796,112.36,63.0,295.08
2026-06-05,facebook,Lead_Gen_Q1,46002,1835,1016.96,53.0,1442.54
2026-01-24,facebook,Lead_Gen_Q1,7254,1367,1243.8,71.0,4782.68
2026-05-01,google ads,Promo_Spring,18144,1926,1183.92,48.0,4772.8
2026-03-31,google ads,Promo_Spring,25214,973,838.52,10.0,1826.4
2026-04-15,linkedin,Lead_Gen_Q1,41118,382,194.81,48.0,311.19
2026-03-27,google ads,Brand_Awareness_2026,16183,1702,1047.66,20.0,977.57
2026-03-24,linkedin,Brand_Awareness_2026,7238,1189,400.74,65.0,2021.87
2026-01-27,facebook,Lead_Gen_Q1,7090,2348,1371.05,62.0,4744.12
2026-02-11,facebook,Brand_Awareness_2026,12637,1681,1265.48,27.0,791.88
2026-03-26,facebook,Promo_Spring,23415,115,1078.61,16.0,3841.23
2026-04-16,linkedin,Retargeting_Global,25071,1453,1425.83,5.0,632.54
2026-05-07,facebook,Promo_Spring,46415,1691,95.56,18.0,4908.16
2026-03-15,google ads,Retargeting_Global,43679,11,1117.49,55.0,1969.92
2026-04-13,google ads,Lead_Gen_Q1,42240,2147,528.85,27.0,3898.65
2026-05-21,google ads,Lead_Gen_Q1,19271,359,1363.8,65.0,1778.7
2026-01-10,linkedin,Retargeting_Global,37034,1296,436.68,37.0,3175.58
2026-04-27,google ads,Brand_Awareness_2026,34434,1072,1101.04,36.0,1040.88
2026-01-23,facebook,Lead_Gen_Q1,5188,2216,1322.59,67.0,815.5
2026-03-22,linkedin,Retargeting_Global,11161,2369,110.4,0.0,4696.51
2026-03-06,facebook,Brand_Awareness_2026,29732,454,626.59,42.0,4596.47
2026-03-24,linkedin,Retargeting_Global,12314,2355,1155.35,35.0,4448.6
2026-01-30,google ads,Lead_Gen_Q1,24954,961,709.63,57.0,3164.62
2026-04-14,facebook,Lead_Gen_Q1,22508,45,437.52,12.0,4060.51
2026-05-12,google ads,Promo_Spring,22969,1117,368.72,51.0,438.28
2026-01-01,facebook,Retargeting_Global,46659,1485,240.7,57.0,1740.47
2026-05-19,linkedin,Brand_Awareness_2026,38545,1808,1292.84,0.0,1637.15
2026-04-29,facebook,Lead_Gen_Q1,37668,1855,884.27,59.0,3214.66
2026-04-16,google ads,Promo_Spring,24061,1418,160.76,57.0,1844.19
2026-01-14,linkedin,Promo_Spring,14716,1205,604.74,55.0,827.68
2026-02-18,facebook,Brand_Awareness_2026,40749,1409,583.21,27.0,3022.69
2026-05-13,linkedin,Lead_Gen_Q1,40144,1718,313.52,0.0,4090.48
2026-04-03,facebook,Promo_Spring,17907,1395,681.49,41.0,1972.41
2026-05-08,google ads,Brand_Awareness_2026,19777,2198,531.54,47.0,748.12
2026-04-24,google ads,Brand_Awareness_2026,28693,1310,545.62,39.0,1063.77
2026-01-14,google ads,Retargeting_Global,43928,1253,1121.59,62.0,1263.67
2026-02-22,google ads,Retargeting_Global,27329,530,373.73,75.0,1569.5
2026-03-10,google ads,Lead_Gen_Q1,47892,1816,980.7,71.0,3249.7
2026-05-21,facebook,Promo_Spring,17282,19,877.44,79.0,3044.63
2026-02-03,google ads,Promo_Spring,24624,993,873.73,3.0,3510.79
2026-03-15,linkedin,Retargeting_Global,24321,2435,1011.36,37.0,1876.26
2026-04-23,facebook,Lead_Gen_Q1,11488,1666,845.15,26.0,4137.59
2026-05-05,google ads,Promo_Spring,23574,1670,1324.92,8.0,1100.03
2026-02-01,google ads,Brand_Awareness_2026,6240,2209,1029.59,15.0,2398.3
2026-01-08,linkedin,Brand_Awareness_2026,44221,729,843.1,55.0,4024.6
2026-03-03,google ads,Brand_Awareness_2026,11478,1082,1253.16,75.0,982.78
2026-02-10,facebook,Brand_Awareness_2026,46162,868,928.91,30.0,638.33
2026-03-21,linkedin,Retargeting_Global,20262,1326,472.16,13.0,4430.05
2026-05-22,facebook,Lead_Gen_Q1,5432,1613,350.29,24.0,1780.36
2026-01-04,linkedin,Brand_Awareness_2026,30721,59,270.88,33.0,3450.96
2026-05-22,google ads,Brand_Awareness_2026,14568,155,1354.21,66.0,224.21
2026-04-15,linkedin,Promo_Spring,15178,924,1079.7,23.0,3481.23
2026-01-24,linkedin,Retargeting_Global,23195,1472,0.0,72.0,1648.9
2026-01-30,facebook,Promo_Spring,18022,590,736.43,19.0,3088.08
2026-01-31,google ads,Brand_Awareness_2026,46781,492,1023.88,9.0,1995.36
2026-02-09,linkedin,Lead_Gen_Q1,9717,1259,894.2,66.0,494.85
2026-05-08,linkedin,Retargeting_Global,29699,682,1485.8,23.0,821.1
2026-03-16,linkedin,Brand_Awareness_2026,9150,640,396.78,4.0,1560.09
2026-05-11,linkedin,Retargeting_Global,3125,671,819.57,0.0,539.82
2026-11-03,google ads,Brand_Awareness_2026,45247,2476,993.89,57.0,4563.05
2026-04-17,google ads,Lead_Gen_Q1,49513,997,984.66,26.0,129.63
2026-05-04,facebook,Lead_Gen_Q1,17748,1556,863.88,79.0,2470.92
2026-05-01,linkedin,Retargeting_Global,40577,659,1176.55,14.0,703.91
2026-03-04,google ads,Promo_Spring,5621,978,347.22,34.0,1607.63
2026-04-27,google ads,Brand_Awareness_2026,16034,1110,1102.16,75.0,4637.69
2026-05-22,google ads,Retargeting_Global,47391,450,948.62,52.0,892.3
2026-02-07,google ads,Promo_Spring,6126,930,1349.31,43.0,4832.58
2026-04-09,google ads,Lead_Gen_Q1,6122,779,1278.43,25.0,1108.39
2026-02-18,google ads,Brand_Awareness_2026,19030,1353,506.96,46.0,3733.67
2026-11-05,google ads,Lead_Gen_Q1,18302,1836,450.54,33.0,2778.72
2026-02-04,facebook,Brand_Awareness_2026,20181,272,1473.4,49.0,4433.95
2026-01-18,google ads,Promo_Spring,39638,1587,814.53,11.0,2814.57
2026-03-12,facebook,Brand_Awareness_2026,2531,1008,0.0,3.0,2719.34
2026-04-17,linkedin,Promo_Spring,41940,709,287.63,47.0,1057.74
2026-03-29,linkedin,Brand_Awareness_2026,41441,2359,982.09,54.0,914.52
2026-05-10,facebook,Retargeting_Global,24333,1613,1224.3,0.0,4590.8
2026-03-10,facebook,Lead_Gen_Q1,40650,1251,1423.72,65.0,1706.41
2026-01-01,google ads,Brand_Awareness_2026,35674,1135,539.14,29.0,1923.2
2026-03-14,linkedin,Brand_Awareness_2026,36854,2345,1101.22,2.0,3823.14
2026-03-18,google ads,Lead_Gen_Q1,47271,1200,831.28,20.0,1760.24
2026-05-31,linkedin,Brand_Awareness_2026,9152,1015,137.91,48.0,4765.11
2026-05-29,google ads,Lead_Gen_Q1,39518,45,1050.5,61.0,3715.85
2026-05-06,google ads,Promo_Spring,46540,753,1050.64,37.0,3027.4
2026-02-08,facebook,Retargeting_Global,11267,1774,1399.38,14.0,4416.39
2026-04-25,facebook,Retargeting_Global,26289,362,771.1,51.0,343.07
2026-05-18,linkedin,Lead_Gen_Q1,2062,1932,383.86,78.0,1359.61
2026-05-04,linkedin,Retargeting_Global,30926,82,114.62,45.0,2378.68
2026-03-30,facebook,Lead_Gen_Q1,7229,1386,652.68,24.0,1212.19
2026-03-27,linkedin,Retargeting_Global,48915,1924,487.78,20.0,3745.14
2026-05-22,facebook,Brand_Awareness_2026,5632,1103,1153.58,4.0,4604.12
2026-05-20,google ads,Brand_Awareness_2026,40056,2482,563.69,0.0,2176.47
2026-04-07,facebook,Retargeting_Global,4596,717,1426.15,46.0,1776.45
2026-04-27,google ads,Promo_Spring,45243,1814,1445.35,67.0,4811.6
2026-03-24,linkedin,Retargeting_Global,7168,965,950.32,17.0,2279.78
2026-03-03,google ads,Retargeting_Global,8561,169,1153.24,22.0,1823.08
2026-05-27,facebook,Brand_Awareness_2026,9258,2206,842.95,63.0,4556.79
2026-04-09,linkedin,Promo_Spring,17616,1745,311.45,66.0,2887.88
2026-03-01,google ads,Promo_Spring,27734,1595,0.0,39.0,3834.66
2026-04-16,facebook,Retargeting_Global,7371,76,863.27,9.0,4077.85
2026-01-12,facebook,Brand_Awareness_2026,27069,2438,1302.74,51.0,1775.06
2026-03-23,linkedin,Promo_Spring,15369,67,747.93,71.0,2225.1
2026-05-02,linkedin,Lead_Gen_Q1,13910,351,1351.63,74.0,4257.51
2026-04-08,facebook,Retargeting_Global,8943,1163,1027.81,60.0,1879.95
2026-04-09,google ads,Lead_Gen_Q1,13199,1205,248.65,63.0,3990.28
2026-02-08,google ads,Retargeting_Global,16728,1242,1492.72,4.0,4710.86
2026-05-07,google ads,Brand_Awareness_2026,24275,2411,814.49,52.0,3153.73
2026-01-10,linkedin,Brand_Awareness_2026,7738,1504,618.19,54.0,3733.97
2026-02-02,linkedin,Lead_Gen_Q1,16913,1831,1005.71,36.0,4044.98
2026-09-05,linkedin,Brand_Awareness_2026,36240,125,207.9,55.0,4240.69
2026-03-26,google ads,Brand_Awareness_2026,20123,671,972.98,58.0,2035.76
2026-01-26,google ads,Brand_Awareness_2026,49447,1475,772.44,68.0,351.19
2026-04-23,google ads,Lead_Gen_Q1,35529,1878,639.68,0.0,2069.19
2026-01-26,facebook,Brand_Awareness_2026,11167,2344,1431.88,58.0,3401.41
2026-05-15,linkedin,Promo_Spring,11554,1026,807.68,1.0,2306.72
2026-04-27,google ads,Retargeting_Global,18260,320,367.72,64.0,3769.92
2026-01-04,google ads,Promo_Spring,48045,217,715.5,59.0,1849.21
2026-02-06,google ads,Lead_Gen_Q1,4812,642,1383.11,50.0,3210.25
2026-04-15,google ads,Lead_Gen_Q1,29024,2112,305.34,29.0,1013.46
2026-09-02,linkedin,Brand_Awareness_2026,28285,666,360.24,10.0,3771.91
2026-01-20,google ads,Promo_Spring,27900,1433,68.89,75.0,2773.91
2026-05-01,facebook,Lead_Gen_Q1,2605,1941,70.58,38.0,1099.92
2026-03-09,google ads,Retargeting_Global,6622,1689,1252.62,76.0,1530.36
2026-03-28,google ads,Lead_Gen_Q1,7767,246,1111.58,71.0,3768.18
2026-04-12,facebook,Promo_Spring,28139,357,564.81,62.0,2464.75
2026-01-21,linkedin,Retargeting_Global,12613,639,1062.55,63.0,1158.55
2026-03-26,google ads,Retargeting_Global,11589,1550,623.05,60.0,4839.63
2026-05-17,facebook,Brand_Awareness_2026,14918,2013,1431.7,53.0,3604.11
2026-04-08,linkedin,Retargeting_Global,21119,1281,1452.23,72.0,4789.96
2026-03-23,facebook,Brand_Awareness_2026,28446,373,619.55,57.0,2192.81
2026-05-05,google ads,Brand_Awareness_2026,14046,2378,1288.62,55.0,2427.99
2026-05-19,google ads,Lead_Gen_Q1,25818,295,1170.98,33.0,4499.98
2026-01-10,facebook,Lead_Gen_Q1,36358,158,499.5,30.0,2672.74
2026-03-02,linkedin,Promo_Spring,11787,2463,714.44,75.0,1335.65
2026-03-15,linkedin,Brand_Awareness_2026,10111,465,1182.96,0.0,2288.96
2026-02-28,facebook,Promo_Spring,39110,1776,1442.24,54.0,704.9
2026-01-24,google ads,Retargeting_Global,17389,809,1157.19,21.0,1109.3
2026-04-22,linkedin,Retargeting_Global,42427,1194,1290.05,39.0,104.62
2026-01-26,facebook,Retargeting_Global,15043,1022,924.44,0.0,292.4
2026-01-26,linkedin,Brand_Awareness_2026,29746,1533,1261.34,64.0,4888.69
2026-04-24,linkedin,Promo_Spring,23350,490,1187.41,62.0,1287.53
2026-02-12,google ads,Brand_Awareness_2026,42605,1696,596.63,53.0,3350.22
2026-01-08,linkedin,Lead_Gen_Q1,47685,1611,1216.89,20.0,2798.24
2026-01-12,google ads,Retargeting_Global,19935,2418,116.78,0.0,850.41
2026-03-25,linkedin,Retargeting_Global,48077,350,1221.71,21.0,3667.77
2026-01-15,linkedin,Lead_Gen_Q1,14234,2020,307.94,37.0,3041.23
2026-03-17,google ads,Promo_Spring,39328,1876,0.0,79.0,3683.13
2026-02-04,google ads,Retargeting_Global,1846,844,1222.0,7.0,3871.76
2026-04-06,linkedin,Promo_Spring,11954,1213,418.04,61.0,4879.51
2026-04-21,linkedin,Lead_Gen_Q1,14703,1735,406.42,46.0,2910.46
2026-02-07,linkedin,Lead_Gen_Q1,49153,1699,634.01,16.0,1774.04
2026-03-04,linkedin,Lead_Gen_Q1,47514,320,1347.23,16.0,3277.48
2026-05-16,facebook,Brand_Awareness_2026,23700,271,50.64,12.0,435.36
2026-04-16,google ads,Promo_Spring,33043,1452,1357.01,16.0,4497.25
2026-05-25,linkedin,Brand_Awareness_2026,7469,415,273.02,37.0,684.97
2026-02-16,google ads,Lead_Gen_Q1,31105,2200,1485.63,77.0,1706.43
2026-02-13,google ads,Retargeting_Global,43101,351,1434.53,44.0,4097.15
2026-02-14,google ads,Brand_Awareness_2026,27386,1349,767.28,5.0,3026.83
2026-01-21,google ads,Retargeting_Global,46587,253,793.44,34.0,2028.81
2026-04-08,google ads,Brand_Awareness_2026,37976,499,748.25,13.0,2419.83
2026-03-03,google ads,Promo_Spring,40051,21,971.39,71.0,4287.28
2026-05-08,linkedin,Retargeting_Global,3048,570,181.55,60.0,1766.02
2026-05-30,google ads,Brand_Awareness_2026,40001,51,97.3,14.0,4361.28
2026-02-06,linkedin,Lead_Gen_Q1,13941,603,133.67,53.0,531.86
2026-03-01,facebook,Lead_Gen_Q1,46375,1462,0.0,26.0,3906.31
2026-04-29,linkedin,Promo_Spring,43533,1836,449.54,12.0,4252.98
2026-03-07,google ads,Promo_Spring,2828,1703,951.96,30.0,990.91
2026-04-28,google ads,Brand_Awareness_2026,2917,143,1489.04,34.0,2208.7
2026-01-03,facebook,Retargeting_Global,33254,82,882.07,0.0,3562.36
2026-04-30,linkedin,Brand_Awareness_2026,40756,408,652.63,68.0,2723.2
2026-03-15,linkedin,Brand_Awareness_2026,48362,1438,1278.54,57.0,3213.08
2026-05-20,google ads,Lead_Gen_Q1,21128,139,1358.24,48.0,1062.79
2026-02-10,facebook,Promo_Spring,46745,1821,1322.17,22.0,1137.55
2026-04-24,linkedin,Promo_Spring,17644,275,89.9,25.0,1678.13
2026-03-30,facebook,Brand_Awareness_2026,23422,1570,1267.73,46.0,2842.75
2026-05-31,linkedin,Brand_Awareness_2026,10865,1995,1140.07,0.0,4303.88
2026-03-18,facebook,Lead_Gen_Q1,3219,802,381.61,19.0,3367.94
2026-04-19,facebook,Promo_Spring,40809,2310,1436.66,5.0,2233.44
2026-03-06,google ads,Brand_Awareness_2026,6287,1322,264.86,69.0,4770.29
2026-04-27,google ads,Brand_Awareness_2026,35387,173,1035.35,58.0,3624.3
2026-03-19,google ads,Promo_Spring,9512,104,376.09,63.0,4657.81
2026-02-20,linkedin,Lead_Gen_Q1,2342,1815,0.0,17.0,2685.18
2026-04-09,facebook,Lead_Gen_Q1,44336,1143,0.0,3.0,1368.63
2026-05-04,facebook,Retargeting_Global,20216,2393,0.0,16.0,358.85
2026-01-28,facebook,Retargeting_Global,28534,831,669.88,13.0,3657.82
2026-02-03,google ads,Retargeting_Global,15231,247,523.19,77.0,694.38
2026-04-08,linkedin,Promo_Spring,33293,2438,1267.51,12.0,1583.6
2026-05-27,google ads,Retargeting_Global,27614,1970,258.53,6.0,2709.11
2026-04-02,google ads,Retargeting_Global,37258,1058,0.0,43.0,2865.64
2026-05-28,facebook,Promo_Spring,29253,1686,1360.45,14.0,3042.86
2026-03-17,facebook,Retargeting_Global,43078,973,1276.48,18.0,914.65
2026-03-17,facebook,Lead_Gen_Q1,41752,546,631.37,62.0,1960.71
2026-01-06,facebook,Brand_Awareness_2026,18988,1613,1156.51,34.0,3124.25
2026-04-12,google ads,Lead_Gen_Q1,32037,1989,1243.58,34.0,4852.11
2026-03-12,facebook,Lead_Gen_Q1,13219,137,1338.89,18.0,3665.39
2026-03-01,linkedin,Brand_Awareness_2026,1235,101,839.53,19.0,4620.76
2026-05-25,google ads,Lead_Gen_Q1,43929,552,346.47,34.0,3834.84
2026-05-08,google ads,Lead_Gen_Q1,9567,1691,478.76,47.0,1040.91
2026-03-15,linkedin,Promo_Spring,37298,1861,911.01,43.0,3366.76
2026-02-28,facebook,Promo_Spring,6256,399,97.57,23.0,3154.56
2026-04-01,linkedin,Retargeting_Global,20019,1894,972.26,60.0,3052.1
2026-02-26,google ads,Promo_Spring,9162,52,578.31,16.0,2499.95
2026-02-18,facebook,Brand_Awareness_2026,6415,263,478.1,70.0,2690.42
2026-03-06,facebook,Retargeting_Global,37159,1093,1325.27,0.0,1738.77
2026-05-02,google ads,Lead_Gen_Q1,44925,2344,717.0,64.0,2644.63
2026-01-25,google ads,Promo_Spring,6951,1550,187.83,31.0,1068.02
2026-01-11,facebook,Retargeting_Global,22852,1963,1248.78,35.0,4045.35
2026-03-21,linkedin,Promo_Spring,9007,2402,119.08,12.0,1010.31
2026-04-23,linkedin,Retargeting_Global,42832,651,1103.79,69.0,516.33
2026-01-09,google ads,Brand_Awareness_2026,31523,2439,0.0,57.0,2237.61
2026-05-29,facebook,Brand_Awareness_2026,24325,699,561.27,13.0,3325.71
2026-04-04,google ads,Lead_Gen_Q1,22204,1286,1245.94,36.0,2244.81
2026-02-03,facebook,Retargeting_Global,16524,1960,797.71,78.0,1456.1
2026-01-24,google ads,Brand_Awareness_2026,20282,1089,721.78,67.0,2835.04
2026-03-17,facebook,Lead_Gen_Q1,24930,1496,115.83,39.0,1800.31
2026-03-25,facebook,Retargeting_Global,1077,466,470.54,58.0,4671.05
2026-04-17,google ads,Lead_Gen_Q1,41345,992,1399.96,79.0,4620.96
2026-02-21,google ads,Lead_Gen_Q1,17984,1132,842.72,61.0,1706.63
2026-02-03,google ads,Retargeting_Global,15060,158,821.43,3.0,3711.95
2026-05-19,facebook,Promo_Spring,18449,1362,906.13,44.0,279.89
2026-04-04,facebook,Brand_Awareness_2026,19520,1189,138.93,27.0,2426.37
2026-05-16,google ads,Retargeting_Global,44303,199,575.16,65.0,1747.98
2026-05-09,linkedin,Retargeting_Global,10510,892,1098.54,30.0,4610.63
2026-11-03,facebook,Lead_Gen_Q1,30287,2320,0.0,2.0,158.81
2026-02-12,google ads,Brand_Awareness_2026,29173,409,345.19,7.0,2808.79
2026-03-07,google ads,Promo_Spring,40711,618,64.63,23.0,3729.25
2026-05-04,google ads,Promo_Spring,12954,1805,684.35,14.0,2476.59
2026-03-17,google ads,Lead_Gen_Q1,8804,1648,1329.96,42.0,518.47
2026-03-28,facebook,Brand_Awareness_2026,7565,1585,125.26,30.0,4865.06
2026-01-30,linkedin,Promo_Spring,6984,2158,327.12,72.0,2638.25
2026-04-30,linkedin,Brand_Awareness_2026,22526,1392,499.62,44.0,3109.51
2026-01-20,facebook,Lead_Gen_Q1,38438,1413,1111.0,65.0,1259.39
2026-02-06,google ads,Brand_Awareness_2026,19574,829,978.92,7.0,2469.14
2026-02-27,google ads,Brand_Awareness_2026,10184,829,653.12,70.0,2202.83
2026-04-12,google ads,Brand_Awareness_2026,20096,429,1150.65,56.0,466.99
2026-05-23,facebook,Lead_Gen_Q1,3192,133,933.96,79.0,620.19
2026-04-04,linkedin,Lead_Gen_Q1,35016,431,1349.26,29.0,4203.62
2026-01-24,facebook,Lead_Gen_Q1,12246,1518,1236.14,73.0,1275.12
2026-04-12,facebook,Promo_Spring,46558,1607,416.58,17.0,1055.3
2026-01-04,facebook,Retargeting_Global,19381,777,443.59,68.0,2574.07
2026-03-09,facebook,Brand_Awareness_2026,37455,2054,231.77,38.0,3866.86
2026-05-18,google ads,Retargeting_Global,27727,2212,538.6,59.0,403.54
2026-02-01,google ads,Brand_Awareness_2026,5018,2149,0.0,42.0,2926.36
2026-04-27,facebook,Brand_Awareness_2026,12302,1559,638.34,44.0,684.13
2026-04-05,linkedin,Brand_Awareness_2026,2970,1774,369.71,22.0,278.66
2026-03-09,facebook,Lead_Gen_Q1,42157,2054,1155.6,68.0,358.45
2026-05-30,google ads,Promo_Spring,28202,519,836.58,5.0,4187.4
2026-04-08,google ads,Lead_Gen_Q1,32110,1216,266.92,55.0,678.07
2026-04-06,linkedin,Brand_Awareness_2026,18586,395,602.0,3.0,321.24
2026-01-28,facebook,Retargeting_Global,25519,1607,650.98,22.0,2245.71
2026-03-01,google ads,Brand_Awareness_2026,32273,2462,1143.05,5.0,4235.57
2026-05-01,google ads,Brand_Awareness_2026,22951,2303,79.97,31.0,1385.8
2026-01-07,facebook,Promo_Spring,16374,751,440.08,17.0,2166.39
2026-05-24,facebook,Brand_Awareness_2026,6788,1921,800.51,14.0,295.62
2026-03-25,linkedin,Lead_Gen_Q1,6408,1456,439.83,39.0,2300.48
2026-02-26,google ads,Promo_Spring,26053,910,961.23,72.0,2930.3
2026-01-17,linkedin,Promo_Spring,10446,2122,748.71,73.0,2897.44
2026-03-19,facebook,Brand_Awareness_2026,34187,2019,1426.35,62.0,1646.11
2026-04-15,facebook,Promo_Spring,11789,251,966.63,66.0,622.46
2026-01-30,linkedin,Promo_Spring,33184,2395,238.41,10.0,1897.31
2026-02-05,google ads,Lead_Gen_Q1,2120,2030,862.13,42.0,587.52
2026-01-12,google ads,Retargeting_Global,45028,182,1182.06,16.0,3856.32
2026-10-01,google ads,Lead_Gen_Q1,33154,681,0.0,0.0,4834.74
2026-03-19,facebook,Lead_Gen_Q1,18334,173,299.53,62.0,4853.36
2026-05-07,google ads,Retargeting_Global,3336,474,1460.01,67.0,4338.85
2026-01-30,facebook,Retargeting_Global,39141,506,700.78,40.0,3043.88
2026-03-02,facebook,Lead_Gen_Q1,20029,2452,311.28,31.0,1497.51
2026-05-18,google ads,Brand_Awareness_2026,33265,712,192.44,69.0,3190.78
2026-02-04,facebook,Lead_Gen_Q1,38380,1950,1215.1,34.0,2332.68
2026-04-10,facebook,Retargeting_Global,47714,2365,226.94,21.0,2461.88
2026-04-27,google ads,Promo_Spring,44872,1801,231.43,64.0,3813.11
2026-05-04,facebook,Promo_Spring,47197,192,1283.18,21.0,1481.4
2026-05-19,google ads,Promo_Spring,24710,638,549.68,10.0,1658.39
2026-04-18,linkedin,Brand_Awareness_2026,30486,1741,94.74,76.0,4630.74
2026-05-31,linkedin,Brand_Awareness_2026,7371,555,125.25,2.0,375.5
2026-02-09,google ads,Retargeting_Global,7359,1597,256.15,8.0,2479.61
2026-04-17,facebook,Promo_Spring,41631,633,359.42,59.0,4572.72
2026-01-26,linkedin,Lead_Gen_Q1,36996,603,1014.46,75.0,3090.78
2026-05-06,facebook,Promo_Spring,21103,753,278.12,13.0,2777.39
2026-04-15,google ads,Lead_Gen_Q1,15382,1778,222.37,17.0,1323.75
2026-03-13,facebook,Lead_Gen_Q1,19755,1469,1158.84,72.0,1782.05
2026-09-01,linkedin,Brand_Awareness_2026,36659,1958,1023.03,22.0,4275.04
2026-04-05,facebook,Promo_Spring,4756,2078,681.22,73.0,2840.17
2026-02-25,google ads,Retargeting_Global,21609,2454,846.5,46.0,2622.24
2026-04-24,linkedin,Promo_Spring,49538,114,502.38,68.0,587.94
2026-04-24,facebook,Promo_Spring,17478,2249,749.63,46.0,178.54
2026-03-02,google ads,Retargeting_Global,36442,26,784.68,29.0,4822.06
2026-04-03,linkedin,Retargeting_Global,40666,402,611.49,24.0,1947.23
2026-01-26,linkedin,Promo_Spring,11147,434,1364.53,27.0,3055.74
2026-04-05,linkedin,Retargeting_Global,34561,2186,73.29,24.0,490.6
2026-05-20,google ads,Lead_Gen_Q1,35884,581,0.0,73.0,3447.26
2026-02-04,google ads,Brand_Awareness_2026,6779,2086,230.36,77.0,4669.58
2026-01-16,google ads,Retargeting_Global,13298,1130,1206.44,57.0,2920.76
2026-04-12,facebook,Lead_Gen_Q1,15153,251,943.07,40.0,717.97
2026-03-12,facebook,Brand_Awareness_2026,44879,2289,1272.75,24.0,2950.44
2026-02-18,google ads,Retargeting_Global,11789,798,191.4,77.0,3855.1
2026-02-01,facebook,Brand_Awareness_2026,45165,724,0.0,47.0,2091.44
2026-04-27,linkedin,Promo_Spring,13999,768,776.58,9.0,4411.2
2026-01-24,facebook,Retargeting_Global,1814,785,1073.98,74.0,3278.55
2026-02-24,google ads,Lead_Gen_Q1,11541,2257,824.72,10.0,4506.32
2026-01-06,google ads,Lead_Gen_Q1,25938,88,834.07,20.0,3155.18
2026-01-13,google ads,Brand_Awareness_2026,3443,865,672.91,44.0,743.31
2026-03-27,linkedin,Lead_Gen_Q1,11457,1449,497.81,6.0,1617.49
2026-03-04,linkedin,Lead_Gen_Q1,11380,2144,749.28,63.0,1088.8
2026-02-02,facebook,Retargeting_Global,8783,2158,221.81,63.0,4553.25
2026-05-25,linkedin,Brand_Awareness_2026,45241,1041,1444.19,1.0,3825.96
2026-02-22,google ads,Lead_Gen_Q1,18368,854,1085.9,75.0,3414.35
2026-01-18,google ads,Promo_Spring,16328,96,1431.08,41.0,1574.73
2026-05-22,google ads,Retargeting_Global,27215,2100,378.75,53.0,1001.82
2026-02-23,google ads,Lead_Gen_Q1,34595,417,1325.04,74.0,3806.61
2026-05-31,linkedin,Lead_Gen_Q1,28306,1678,1222.75,15.0,2423.37
2026-02-25,facebook,Lead_Gen_Q1,20915,157,1031.87,17.0,1206.37
2026-03-01,google ads,Retargeting_Global,40915,2334,956.29,58.0,3121.45
2026-03-26,facebook,Retargeting_Global,38219,241,509.0,15.0,297.64
2026-02-07,linkedin,Brand_Awareness_2026,16343,1960,1233.8,5.0,1698.23
2026-01-01,facebook,Retargeting_Global,47403,375,0.0,56.0,2395.93
2026-03-12,google ads,Lead_Gen_Q1,39727,1684,152.79,46.0,825.0
2026-02-07,linkedin,Lead_Gen_Q1,1126,445,503.65,47.0,4924.81
2026-02-03,linkedin,Promo_Spring,28632,408,1406.18,41.0,1124.58
2026-05-19,google ads,Retargeting_Global,42563,1244,1283.49,75.0,738.73
2026-03-06,facebook,Lead_Gen_Q1,45409,1424,1473.76,59.0,1097.32
